-- MySQL dump 10.13  Distrib 5.7.11, for Win32 (AMD64)
--
-- Host: localhost    Database: lzdssystem
-- ------------------------------------------------------
-- Server version	5.7.11

/*!40101 SET @OLD_CHARACTER_SET_CLIENT=@@CHARACTER_SET_CLIENT */;
/*!40101 SET @OLD_CHARACTER_SET_RESULTS=@@CHARACTER_SET_RESULTS */;
/*!40101 SET @OLD_COLLATION_CONNECTION=@@COLLATION_CONNECTION */;
/*!40101 SET NAMES utf8 */;
/*!40103 SET @OLD_TIME_ZONE=@@TIME_ZONE */;
/*!40103 SET TIME_ZONE='+00:00' */;
/*!40014 SET @OLD_UNIQUE_CHECKS=@@UNIQUE_CHECKS, UNIQUE_CHECKS=0 */;
/*!40014 SET @OLD_FOREIGN_KEY_CHECKS=@@FOREIGN_KEY_CHECKS, FOREIGN_KEY_CHECKS=0 */;
/*!40101 SET @OLD_SQL_MODE=@@SQL_MODE, SQL_MODE='NO_AUTO_VALUE_ON_ZERO' */;
/*!40111 SET @OLD_SQL_NOTES=@@SQL_NOTES, SQL_NOTES=0 */;

--
-- Table structure for table `enrollments`
--

DROP TABLE IF EXISTS `enrollments`;
/*!40101 SET @saved_cs_client     = @@character_set_client */;
/*!40101 SET character_set_client = utf8 */;
CREATE TABLE `enrollments` (
  `id` int(10) NOT NULL AUTO_INCREMENT,
  `student_id` int(10) DEFAULT NULL,
  `school_id` varchar(20) DEFAULT NULL,
  `grade` int(10) DEFAULT NULL,
  `section` int(10) DEFAULT NULL,
  `enrollment_school_year` varchar(7) DEFAULT NULL,
  `enrollment_date` date DEFAULT NULL,
  `registered_online` tinyint(4) DEFAULT NULL,
  `enrollee_rn` varchar(50) DEFAULT NULL,
  `old_table_pk` int(10) DEFAULT NULL,
  `system_log` datetime DEFAULT NULL,
  `update_log` datetime DEFAULT NULL,
  PRIMARY KEY (`id`),
  KEY `student_id` (`student_id`),
  CONSTRAINT `enrollments_ibfk_1` FOREIGN KEY (`student_id`) REFERENCES `students` (`id`) ON DELETE CASCADE ON UPDATE NO ACTION
) ENGINE=InnoDB DEFAULT CHARSET=latin1;
/*!40101 SET character_set_client = @saved_cs_client */;

--
-- Dumping data for table `enrollments`
--

LOCK TABLES `enrollments` WRITE;
/*!40000 ALTER TABLE `enrollments` DISABLE KEYS */;
/*!40000 ALTER TABLE `enrollments` ENABLE KEYS */;
UNLOCK TABLES;

--
-- Table structure for table `fee_items`
--

DROP TABLE IF EXISTS `fee_items`;
/*!40101 SET @saved_cs_client     = @@character_set_client */;
/*!40101 SET character_set_client = utf8 */;
CREATE TABLE `fee_items` (
  `id` int(11) NOT NULL AUTO_INCREMENT,
  `fee_id` int(11) DEFAULT NULL,
  `level` int(10) DEFAULT NULL,
  `amount` float(10,2) DEFAULT NULL,
  `system_log` datetime DEFAULT NULL,
  `update_log` datetime DEFAULT NULL,
  PRIMARY KEY (`id`),
  KEY `fee_id` (`fee_id`),
  KEY `level` (`level`),
  CONSTRAINT `fee_items_ibfk_1` FOREIGN KEY (`fee_id`) REFERENCES `fees` (`id`) ON DELETE CASCADE ON UPDATE NO ACTION,
  CONSTRAINT `fee_items_ibfk_2` FOREIGN KEY (`level`) REFERENCES `grade_levels` (`id`) ON DELETE NO ACTION ON UPDATE NO ACTION
) ENGINE=InnoDB AUTO_INCREMENT=1261 DEFAULT CHARSET=latin1;
/*!40101 SET character_set_client = @saved_cs_client */;

--
-- Dumping data for table `fee_items`
--

LOCK TABLES `fee_items` WRITE;
/*!40000 ALTER TABLE `fee_items` DISABLE KEYS */;
INSERT INTO `fee_items` VALUES (1,1,1,6612.50,'2017-05-20 22:01:21','2017-07-20 22:52:16'),(2,1,2,6612.50,'2017-05-20 22:01:21','2017-07-20 22:52:16'),(3,1,3,7935.00,'2017-05-20 22:03:26','2017-07-20 22:52:16'),(4,1,4,7935.00,'2017-05-20 22:03:27','2017-07-20 22:52:16'),(5,1,5,7935.00,'2017-05-20 22:03:27','2017-07-20 22:52:16'),(6,1,6,9257.50,'2017-05-20 22:03:27','2017-07-20 22:52:16'),(7,1,7,9257.50,'2017-05-20 22:03:27','2017-07-20 22:52:16'),(8,1,8,9257.50,'2017-05-20 22:03:27','2017-07-20 22:52:16'),(9,1,9,10120.00,'2017-05-20 22:03:27','2017-07-20 22:52:16'),(10,1,10,10120.00,'2017-05-20 22:03:27','2017-07-20 22:52:16'),(11,1,11,10120.00,'2017-05-20 22:03:27','2017-07-20 22:52:16'),(12,1,12,10120.00,'2017-05-20 22:03:27','2017-07-20 22:52:16'),(13,1,13,14000.00,'2017-05-20 22:03:27','2017-07-20 22:52:16'),(14,1,14,14000.00,'2017-05-20 22:03:27','2017-07-20 22:52:16'),(15,2,1,3970.00,'2017-05-20 22:29:30','2017-07-20 22:52:08'),(16,2,2,3970.00,'2017-05-20 22:29:30','2017-07-20 22:52:08'),(17,2,3,5320.00,'2017-05-20 22:29:30','2017-07-20 22:52:08'),(18,2,4,5320.00,'2017-05-20 22:29:30','2017-07-20 22:52:08'),(19,2,5,5320.00,'2017-05-20 22:29:30','2017-07-20 22:52:08'),(20,2,6,5370.00,'2017-05-20 22:29:30','2017-07-20 22:52:08'),(21,2,7,5370.00,'2017-05-20 22:29:30','2017-07-20 22:52:08'),(22,2,8,5370.00,'2017-05-20 22:29:31','2017-07-20 22:52:08'),(23,2,9,5451.00,'2017-05-20 22:29:31','2017-07-20 22:52:08'),(24,2,10,5451.00,'2017-05-20 22:29:31','2017-07-20 22:52:08'),(25,2,11,5451.00,'2017-05-20 22:29:31','2017-07-20 22:52:08'),(26,2,12,5451.00,'2017-05-20 22:29:31','2017-07-20 22:52:08'),(27,2,13,6500.00,'2017-05-20 22:29:31','2017-07-20 22:52:08'),(28,2,14,6500.00,'2017-05-20 22:29:31','2017-07-20 22:52:08'),(29,3,1,1200.00,'2017-05-20 22:40:04','2017-07-20 22:52:25'),(30,3,2,1200.00,'2017-05-20 22:40:04','2017-07-20 22:52:25'),(31,3,3,1200.00,'2017-05-20 22:40:04','2017-07-20 22:52:25'),(32,3,4,1200.00,'2017-05-20 22:40:04','2017-07-20 22:52:25'),(33,3,5,1200.00,'2017-05-20 22:40:04','2017-07-20 22:52:25'),(34,3,6,1200.00,'2017-05-20 22:40:04','2017-07-20 22:52:25'),(35,3,7,1200.00,'2017-05-20 22:40:04','2017-07-20 22:52:25'),(36,3,8,1200.00,'2017-05-20 22:40:04','2017-07-20 22:52:25'),(37,3,9,1500.00,'2017-05-20 22:40:04','2017-07-20 22:52:25'),(38,3,10,1500.00,'2017-05-20 22:40:05','2017-07-20 22:52:25'),(39,3,11,1500.00,'2017-05-20 22:40:05','2017-07-20 22:52:25'),(40,3,12,1500.00,'2017-05-20 22:40:05','2017-07-20 22:52:25'),(41,3,13,1100.00,'2017-05-20 22:40:05','2017-07-20 22:52:25'),(42,3,14,1100.00,'2017-05-20 22:40:05','2017-07-20 22:52:25'),(43,4,1,550.00,'2017-05-20 22:46:38','2017-07-20 22:52:35'),(44,4,2,550.00,'2017-05-20 22:46:38','2017-07-20 22:52:35'),(45,4,3,550.00,'2017-05-20 22:46:38','2017-07-20 22:52:35'),(46,4,4,550.00,'2017-05-20 22:46:38','2017-07-20 22:52:35'),(47,4,5,550.00,'2017-05-20 22:46:38','2017-07-20 22:52:35'),(48,4,6,550.00,'2017-05-20 22:46:38','2017-07-20 22:52:35'),(49,4,7,550.00,'2017-05-20 22:46:38','2017-07-20 22:52:35'),(50,4,8,550.00,'2017-05-20 22:46:38','2017-07-20 22:52:35'),(51,4,9,500.00,'2017-05-20 22:46:38','2017-07-20 22:52:35'),(52,4,10,500.00,'2017-05-20 22:46:38','2017-07-20 22:52:35'),(53,4,11,500.00,'2017-05-20 22:46:38','2017-07-20 22:52:35'),(54,4,12,500.00,'2017-05-20 22:46:38','2017-07-20 22:52:35'),(55,4,13,300.00,'2017-05-20 22:46:38','2017-07-20 22:52:35'),(56,4,14,300.00,'2017-05-20 22:46:38','2017-07-20 22:52:35'),(57,5,1,500.00,'2017-05-20 23:00:00','2017-07-20 22:52:44'),(58,5,2,500.00,'2017-05-20 23:00:00','2017-07-20 22:52:44'),(59,5,3,500.00,'2017-05-20 23:00:00','2017-07-20 22:52:44'),(60,5,4,500.00,'2017-05-20 23:00:00','2017-07-20 22:52:44'),(61,5,5,500.00,'2017-05-20 23:00:00','2017-07-20 22:52:44'),(62,5,6,500.00,'2017-05-20 23:00:00','2017-07-20 22:52:44'),(63,5,7,500.00,'2017-05-20 23:00:00','2017-07-20 22:52:44'),(64,5,8,500.00,'2017-05-20 23:00:00','2017-07-20 22:52:44'),(65,5,9,500.00,'2017-05-20 23:00:00','2017-07-20 22:52:44'),(66,5,10,500.00,'2017-05-20 23:00:00','2017-07-20 22:52:44'),(67,5,11,500.00,'2017-05-20 23:00:00','2017-07-20 22:52:44'),(68,5,12,500.00,'2017-05-20 23:00:00','2017-07-20 22:52:44'),(69,5,13,150.00,'2017-05-20 23:00:00','2017-07-20 22:52:44'),(70,5,14,0.00,'2017-05-20 23:00:00','2017-07-20 22:52:44'),(71,6,1,0.00,'2017-05-20 23:03:11','2017-07-20 22:52:55'),(72,6,2,0.00,'2017-05-20 23:03:11','2017-07-20 22:52:55'),(73,6,3,0.00,'2017-05-20 23:03:11','2017-07-20 22:52:55'),(74,6,4,0.00,'2017-05-20 23:03:11','2017-07-20 22:52:55'),(75,6,5,0.00,'2017-05-20 23:03:11','2017-07-20 22:52:55'),(76,6,6,0.00,'2017-05-20 23:03:11','2017-07-20 22:52:55'),(77,6,7,0.00,'2017-05-20 23:03:11','2017-07-20 22:52:55'),(78,6,8,0.00,'2017-05-20 23:03:11','2017-07-20 22:52:55'),(79,6,9,219.00,'2017-05-20 23:03:11','2017-07-20 22:52:55'),(80,6,10,219.00,'2017-05-20 23:03:11','2017-07-20 22:52:55'),(81,6,11,219.00,'2017-05-20 23:03:11','2017-07-20 22:52:55'),(82,6,12,219.00,'2017-05-20 23:03:11','2017-07-20 22:52:55'),(83,6,13,450.00,'2017-05-20 23:03:11','2017-07-20 22:52:55'),(84,6,14,450.00,'2017-05-20 23:03:11','2017-07-20 22:52:55'),(85,7,1,200.00,'2017-05-20 23:06:20','2017-07-20 22:53:04'),(86,7,2,200.00,'2017-05-20 23:06:20','2017-07-20 22:53:04'),(87,7,3,200.00,'2017-05-20 23:06:20','2017-07-20 22:53:04'),(88,7,4,200.00,'2017-05-20 23:06:20','2017-07-20 22:53:04'),(89,7,5,200.00,'2017-05-20 23:06:20','2017-07-20 22:53:04'),(90,7,6,200.00,'2017-05-20 23:06:20','2017-07-20 22:53:04'),(91,7,7,200.00,'2017-05-20 23:06:20','2017-07-20 22:53:04'),(92,7,8,200.00,'2017-05-20 23:06:20','2017-07-20 22:53:04'),(93,7,9,300.00,'2017-05-20 23:06:20','2017-07-20 22:53:04'),(94,7,10,300.00,'2017-05-20 23:06:20','2017-07-20 22:53:04'),(95,7,11,300.00,'2017-05-20 23:06:20','2017-07-20 22:53:04'),(96,7,12,300.00,'2017-05-20 23:06:20','2017-07-20 22:53:04'),(97,7,13,150.00,'2017-05-20 23:06:20','2017-07-20 22:53:04'),(98,7,14,150.00,'2017-05-20 23:06:20','2017-07-20 22:53:04'),(99,8,1,300.00,'2017-05-20 23:09:30','2017-07-20 22:53:15'),(100,8,2,300.00,'2017-05-20 23:09:30','2017-07-20 22:53:15'),(101,8,3,300.00,'2017-05-20 23:09:30','2017-07-20 22:53:15'),(102,8,4,300.00,'2017-05-20 23:09:30','2017-07-20 22:53:15'),(103,8,5,300.00,'2017-05-20 23:09:30','2017-07-20 22:53:15'),(104,8,6,300.00,'2017-05-20 23:09:30','2017-07-20 22:53:15'),(105,8,7,300.00,'2017-05-20 23:09:30','2017-07-20 22:53:15'),(106,8,8,300.00,'2017-05-20 23:09:30','2017-07-20 22:53:15'),(107,8,9,300.00,'2017-05-20 23:09:30','2017-07-20 22:53:15'),(108,8,10,300.00,'2017-05-20 23:09:30','2017-07-20 22:53:15'),(109,8,11,300.00,'2017-05-20 23:09:30','2017-07-20 22:53:15'),(110,8,12,300.00,'2017-05-20 23:09:30','2017-07-20 22:53:15'),(111,8,13,300.00,'2017-05-20 23:09:30','2017-07-20 22:53:15'),(112,8,14,300.00,'2017-05-20 23:09:30','2017-07-20 22:53:15'),(113,9,1,70.00,'2017-05-20 23:12:12','2017-07-20 22:53:25'),(114,9,2,70.00,'2017-05-20 23:12:12','2017-07-20 22:53:25'),(115,9,3,70.00,'2017-05-20 23:12:12','2017-07-20 22:53:25'),(116,9,4,70.00,'2017-05-20 23:12:12','2017-07-20 22:53:25'),(117,9,5,70.00,'2017-05-20 23:12:12','2017-07-20 22:53:25'),(118,9,6,70.00,'2017-05-20 23:12:12','2017-07-20 22:53:25'),(119,9,7,70.00,'2017-05-20 23:12:12','2017-07-20 22:53:25'),(120,9,8,70.00,'2017-05-20 23:12:12','2017-07-20 22:53:25'),(121,9,9,80.00,'2017-05-20 23:12:12','2017-07-20 22:53:25'),(122,9,10,80.00,'2017-05-20 23:12:12','2017-07-20 22:53:25'),(123,9,11,80.00,'2017-05-20 23:12:12','2017-07-20 22:53:25'),(124,9,12,80.00,'2017-05-20 23:12:12','2017-07-20 22:53:25'),(125,9,13,120.00,'2017-05-20 23:12:12','2017-07-20 22:53:25'),(126,9,14,120.00,'2017-05-20 23:12:12','2017-07-20 22:53:25'),(127,10,1,330.00,'2017-05-20 23:23:46','2017-07-20 22:53:37'),(128,10,2,330.00,'2017-05-20 23:23:46','2017-07-20 22:53:37'),(129,10,3,330.00,'2017-05-20 23:23:46','2017-07-20 22:53:37'),(130,10,4,330.00,'2017-05-20 23:23:46','2017-07-20 22:53:37'),(131,10,5,330.00,'2017-05-20 23:23:46','2017-07-20 22:53:37'),(132,10,6,330.00,'2017-05-20 23:23:46','2017-07-20 22:53:37'),(133,10,7,330.00,'2017-05-20 23:23:46','2017-07-20 22:53:37'),(134,10,8,330.00,'2017-05-20 23:23:47','2017-07-20 22:53:37'),(135,10,9,400.00,'2017-05-20 23:23:47','2017-07-20 22:53:37'),(136,10,10,400.00,'2017-05-20 23:23:47','2017-07-20 22:53:37'),(137,10,11,400.00,'2017-05-20 23:23:47','2017-07-20 22:53:37'),(138,10,12,400.00,'2017-05-20 23:23:47','2017-07-20 22:53:37'),(139,10,13,500.00,'2017-05-20 23:23:47','2017-07-20 22:53:37'),(140,10,14,500.00,'2017-05-20 23:23:47','2017-07-20 22:53:37'),(141,11,1,300.00,'2017-05-20 23:25:46','2017-07-20 22:53:51'),(142,11,2,300.00,'2017-05-20 23:25:46','2017-07-20 22:53:51'),(143,11,3,300.00,'2017-05-20 23:25:46','2017-07-20 22:53:51'),(144,11,4,300.00,'2017-05-20 23:25:46','2017-07-20 22:53:51'),(145,11,5,300.00,'2017-05-20 23:25:46','2017-07-20 22:53:51'),(146,11,6,300.00,'2017-05-20 23:25:46','2017-07-20 22:53:51'),(147,11,7,300.00,'2017-05-20 23:25:46','2017-07-20 22:53:51'),(148,11,8,300.00,'2017-05-20 23:25:46','2017-07-20 22:53:51'),(149,11,9,150.00,'2017-05-20 23:25:46','2017-07-20 22:53:51'),(150,11,10,150.00,'2017-05-20 23:25:46','2017-07-20 22:53:51'),(151,11,11,150.00,'2017-05-20 23:25:46','2017-07-20 22:53:51'),(152,11,12,150.00,'2017-05-20 23:25:46','2017-07-20 22:53:51'),(153,11,13,240.00,'2017-05-20 23:25:46','2017-07-20 22:53:51'),(154,11,14,240.00,'2017-05-20 23:25:46','2017-07-20 22:53:51'),(155,12,1,300.00,'2017-05-20 23:27:42','2017-07-20 22:54:02'),(156,12,2,300.00,'2017-05-20 23:27:42','2017-07-20 22:54:02'),(157,12,3,300.00,'2017-05-20 23:27:42','2017-07-20 22:54:02'),(158,12,4,300.00,'2017-05-20 23:27:42','2017-07-20 22:54:02'),(159,12,5,300.00,'2017-05-20 23:27:42','2017-07-20 22:54:02'),(160,12,6,300.00,'2017-05-20 23:27:43','2017-07-20 22:54:02'),(161,12,7,300.00,'2017-05-20 23:27:43','2017-07-20 22:54:02'),(162,12,8,300.00,'2017-05-20 23:27:43','2017-07-20 22:54:02'),(163,12,9,180.00,'2017-05-20 23:27:43','2017-07-20 22:54:02'),(164,12,10,180.00,'2017-05-20 23:27:43','2017-07-20 22:54:02'),(165,12,11,180.00,'2017-05-20 23:27:43','2017-07-20 22:54:02'),(166,12,12,180.00,'2017-05-20 23:27:43','2017-07-20 22:54:02'),(167,12,13,200.00,'2017-05-20 23:27:43','2017-07-20 22:54:02'),(168,12,14,200.00,'2017-05-20 23:27:43','2017-07-20 22:54:02'),(169,13,1,200.00,'2017-05-20 23:30:11','2017-07-20 22:54:16'),(170,13,2,200.00,'2017-05-20 23:30:11','2017-07-20 22:54:16'),(171,13,3,200.00,'2017-05-20 23:30:11','2017-07-20 22:54:16'),(172,13,4,200.00,'2017-05-20 23:30:11','2017-07-20 22:54:16'),(173,13,5,200.00,'2017-05-20 23:30:11','2017-07-20 22:54:16'),(174,13,6,200.00,'2017-05-20 23:30:11','2017-07-20 22:54:16'),(175,13,7,200.00,'2017-05-20 23:30:11','2017-07-20 22:54:16'),(176,13,8,200.00,'2017-05-20 23:30:11','2017-07-20 22:54:16'),(177,13,9,200.00,'2017-05-20 23:30:11','2017-07-20 22:54:16'),(178,13,10,200.00,'2017-05-20 23:30:11','2017-07-20 22:54:16'),(179,13,11,200.00,'2017-05-20 23:30:11','2017-07-20 22:54:16'),(180,13,12,200.00,'2017-05-20 23:30:11','2017-07-20 22:54:16'),(181,13,13,200.00,'2017-05-20 23:30:11','2017-07-20 22:54:16'),(182,13,14,200.00,'2017-05-20 23:30:11','2017-07-20 22:54:16'),(183,14,1,30.00,'2017-05-20 23:31:46','2017-07-20 22:54:41'),(184,14,2,30.00,'2017-05-20 23:31:46','2017-07-20 22:54:41'),(185,14,3,30.00,'2017-05-20 23:31:46','2017-07-20 22:54:41'),(186,14,4,30.00,'2017-05-20 23:31:46','2017-07-20 22:54:41'),(187,14,5,30.00,'2017-05-20 23:31:46','2017-07-20 22:54:41'),(188,14,6,30.00,'2017-05-20 23:31:46','2017-07-20 22:54:41'),(189,14,7,30.00,'2017-05-20 23:31:46','2017-07-20 22:54:41'),(190,14,8,30.00,'2017-05-20 23:31:46','2017-07-20 22:54:41'),(191,14,9,100.00,'2017-05-20 23:31:46','2017-07-20 22:54:41'),(192,14,10,100.00,'2017-05-20 23:31:46','2017-07-20 22:54:41'),(193,14,11,100.00,'2017-05-20 23:31:46','2017-07-20 22:54:41'),(194,14,12,100.00,'2017-05-20 23:31:46','2017-07-20 22:54:41'),(195,14,13,40.00,'2017-05-20 23:31:46','2017-07-20 22:54:41'),(196,14,14,40.00,'2017-05-20 23:31:47','2017-07-20 22:54:41'),(197,15,1,1000.00,'2017-05-20 23:33:57','2017-07-20 22:54:53'),(198,15,2,1000.00,'2017-05-20 23:33:57','2017-07-20 22:54:53'),(199,15,3,1300.00,'2017-05-20 23:33:57','2017-07-20 22:54:53'),(200,15,4,1300.00,'2017-05-20 23:33:57','2017-07-20 22:54:53'),(201,15,5,1300.00,'2017-05-20 23:33:57','2017-07-20 22:54:53'),(202,15,6,1300.00,'2017-05-20 23:33:57','2017-07-20 22:54:53'),(203,15,7,1300.00,'2017-05-20 23:33:57','2017-07-20 22:54:53'),(204,15,8,1300.00,'2017-05-20 23:33:57','2017-07-20 22:54:53'),(205,15,9,1300.00,'2017-05-20 23:33:57','2017-07-20 22:54:53'),(206,15,10,1300.00,'2017-05-20 23:33:57','2017-07-20 22:54:53'),(207,15,11,1300.00,'2017-05-20 23:33:57','2017-07-20 22:54:53'),(208,15,12,1300.00,'2017-05-20 23:33:57','2017-07-20 22:54:53'),(209,15,13,1500.00,'2017-05-20 23:33:57','2017-07-20 22:54:53'),(210,15,14,1500.00,'2017-05-20 23:33:57','2017-07-20 22:54:53'),(211,16,1,0.00,'2017-05-20 23:35:51','2017-07-20 22:55:06'),(212,16,2,0.00,'2017-05-20 23:35:51','2017-07-20 22:55:06'),(213,16,3,0.00,'2017-05-20 23:35:51','2017-07-20 22:55:06'),(214,16,4,0.00,'2017-05-20 23:35:51','2017-07-20 22:55:06'),(215,16,5,0.00,'2017-05-20 23:35:51','2017-07-20 22:55:06'),(216,16,6,0.00,'2017-05-20 23:35:51','2017-07-20 22:55:06'),(217,16,7,0.00,'2017-05-20 23:35:51','2017-07-20 22:55:06'),(218,16,8,0.00,'2017-05-20 23:35:51','2017-07-20 22:55:06'),(219,16,9,300.00,'2017-05-20 23:35:51','2017-07-20 22:55:06'),(220,16,10,300.00,'2017-05-20 23:35:51','2017-07-20 22:55:06'),(221,16,11,300.00,'2017-05-20 23:35:51','2017-07-20 22:55:06'),(222,16,12,300.00,'2017-05-20 23:35:51','2017-07-20 22:55:06'),(223,16,13,0.00,'2017-05-20 23:35:51','2017-07-20 22:55:06'),(224,16,14,0.00,'2017-05-20 23:35:51','2017-07-20 22:55:06'),(225,17,1,0.00,'2017-05-20 23:37:13','2017-07-20 22:55:18'),(226,17,2,0.00,'2017-05-20 23:37:13','2017-07-20 22:55:18'),(227,17,3,0.00,'2017-05-20 23:37:13','2017-07-20 22:55:18'),(228,17,4,0.00,'2017-05-20 23:37:13','2017-07-20 22:55:18'),(229,17,5,0.00,'2017-05-20 23:37:13','2017-07-20 22:55:18'),(230,17,6,0.00,'2017-05-20 23:37:13','2017-07-20 22:55:18'),(231,17,7,0.00,'2017-05-20 23:37:13','2017-07-20 22:55:18'),(232,17,8,0.00,'2017-05-20 23:37:13','2017-07-20 22:55:18'),(233,17,9,151.00,'2017-05-20 23:37:13','2017-07-20 22:55:18'),(234,17,10,151.00,'2017-05-20 23:37:13','2017-07-20 22:55:18'),(235,17,11,151.00,'2017-05-20 23:37:13','2017-07-20 22:55:18'),(236,17,12,151.00,'2017-05-20 23:37:13','2017-07-20 22:55:18'),(237,17,13,250.00,'2017-05-20 23:37:13','2017-07-20 22:55:18'),(238,17,14,250.00,'2017-05-20 23:37:13','2017-07-20 22:55:18'),(239,18,1,0.00,'2017-06-01 23:31:33','2017-07-20 22:55:31'),(240,18,2,0.00,'2017-06-01 23:31:33','2017-07-20 22:55:31'),(241,18,3,0.00,'2017-06-01 23:31:33','2017-07-20 22:55:31'),(242,18,4,0.00,'2017-06-01 23:31:33','2017-07-20 22:55:31'),(243,18,5,0.00,'2017-06-01 23:31:33','2017-07-20 22:55:31'),(244,18,6,0.00,'2017-06-01 23:31:33','2017-07-20 22:55:31'),(245,18,7,0.00,'2017-06-01 23:31:34','2017-07-20 22:55:31'),(246,18,8,0.00,'2017-06-01 23:31:34','2017-07-20 22:55:31'),(247,18,9,0.00,'2017-06-01 23:31:34','2017-07-20 22:55:31'),(248,18,10,0.00,'2017-06-01 23:31:34','2017-07-20 22:55:31'),(249,18,11,0.00,'2017-06-01 23:31:34','2017-07-20 22:55:31'),(250,18,12,0.00,'2017-06-01 23:31:34','2017-07-20 22:55:31'),(251,18,13,0.00,'2017-06-01 23:31:34','2017-07-20 22:55:31'),(252,18,14,0.00,'2017-06-01 23:31:34','2017-07-20 22:55:31'),(253,19,1,6612.50,'2017-08-02 21:57:04',NULL),(254,19,2,6612.50,'2017-08-02 21:57:04',NULL),(255,19,3,7935.00,'2017-08-02 21:57:04',NULL),(256,19,4,7935.00,'2017-08-02 21:57:04',NULL),(257,19,5,7935.00,'2017-08-02 21:57:04',NULL),(258,19,6,9257.50,'2017-08-02 21:57:04',NULL),(259,19,7,9257.50,'2017-08-02 21:57:04',NULL),(260,19,8,9257.50,'2017-08-02 21:57:04',NULL),(261,19,9,10120.00,'2017-08-02 21:57:04',NULL),(262,19,10,10120.00,'2017-08-02 21:57:04',NULL),(263,19,11,10120.00,'2017-08-02 21:57:04',NULL),(264,19,12,10120.00,'2017-08-02 21:57:04',NULL),(265,19,13,14000.00,'2017-08-02 21:57:04',NULL),(266,19,14,14000.00,'2017-08-02 21:57:04',NULL),(267,20,1,3970.00,'2017-08-02 21:57:46',NULL),(268,20,2,3970.00,'2017-08-02 21:57:46',NULL),(269,20,3,5320.00,'2017-08-02 21:57:46',NULL),(270,20,4,5320.00,'2017-08-02 21:57:46',NULL),(271,20,5,5320.00,'2017-08-02 21:57:46',NULL),(272,20,6,5370.00,'2017-08-02 21:57:46',NULL),(273,20,7,5370.00,'2017-08-02 21:57:46',NULL),(274,20,8,5370.00,'2017-08-02 21:57:46',NULL),(275,20,9,5451.00,'2017-08-02 21:57:46',NULL),(276,20,10,5451.00,'2017-08-02 21:57:46',NULL),(277,20,11,5451.00,'2017-08-02 21:57:46',NULL),(278,20,12,5451.00,'2017-08-02 21:57:46',NULL),(279,20,13,6500.00,'2017-08-02 21:57:46',NULL),(280,20,14,6500.00,'2017-08-02 21:57:46',NULL),(281,21,1,1200.00,'2017-08-02 21:58:05',NULL),(282,21,2,1200.00,'2017-08-02 21:58:05',NULL),(283,21,3,1200.00,'2017-08-02 21:58:05',NULL),(284,21,4,1200.00,'2017-08-02 21:58:05',NULL),(285,21,5,1200.00,'2017-08-02 21:58:05',NULL),(286,21,6,1200.00,'2017-08-02 21:58:06',NULL),(287,21,7,1200.00,'2017-08-02 21:58:06',NULL),(288,21,8,1200.00,'2017-08-02 21:58:06',NULL),(289,21,9,1500.00,'2017-08-02 21:58:06',NULL),(290,21,10,1500.00,'2017-08-02 21:58:06',NULL),(291,21,11,1500.00,'2017-08-02 21:58:06',NULL),(292,21,12,1500.00,'2017-08-02 21:58:06',NULL),(293,21,13,1100.00,'2017-08-02 21:58:06',NULL),(294,21,14,1100.00,'2017-08-02 21:58:06',NULL),(295,22,1,550.00,'2017-08-02 22:05:01',NULL),(296,22,2,550.00,'2017-08-02 22:05:01',NULL),(297,22,3,550.00,'2017-08-02 22:05:01',NULL),(298,22,4,550.00,'2017-08-02 22:05:01',NULL),(299,22,5,550.00,'2017-08-02 22:05:01',NULL),(300,22,6,550.00,'2017-08-02 22:05:01',NULL),(301,22,7,550.00,'2017-08-02 22:05:01',NULL),(302,22,8,550.00,'2017-08-02 22:05:01',NULL),(303,22,9,500.00,'2017-08-02 22:05:01',NULL),(304,22,10,500.00,'2017-08-02 22:05:01',NULL),(305,22,11,500.00,'2017-08-02 22:05:01',NULL),(306,22,12,500.00,'2017-08-02 22:05:01',NULL),(307,22,13,300.00,'2017-08-02 22:05:01',NULL),(308,22,14,300.00,'2017-08-02 22:05:01',NULL),(309,23,1,500.00,'2017-08-02 22:05:30',NULL),(310,23,2,500.00,'2017-08-02 22:05:30',NULL),(311,23,3,500.00,'2017-08-02 22:05:30',NULL),(312,23,4,500.00,'2017-08-02 22:05:30',NULL),(313,23,5,500.00,'2017-08-02 22:05:30',NULL),(314,23,6,500.00,'2017-08-02 22:05:30',NULL),(315,23,7,500.00,'2017-08-02 22:05:30',NULL),(316,23,8,500.00,'2017-08-02 22:05:30',NULL),(317,23,9,500.00,'2017-08-02 22:05:30',NULL),(318,23,10,500.00,'2017-08-02 22:05:30',NULL),(319,23,11,500.00,'2017-08-02 22:05:30',NULL),(320,23,12,500.00,'2017-08-02 22:05:30',NULL),(321,23,13,150.00,'2017-08-02 22:05:30',NULL),(322,23,14,0.00,'2017-08-02 22:05:30',NULL),(323,24,1,0.00,'2017-08-02 22:05:53',NULL),(324,24,2,0.00,'2017-08-02 22:05:53',NULL),(325,24,3,0.00,'2017-08-02 22:05:53',NULL),(326,24,4,0.00,'2017-08-02 22:05:53',NULL),(327,24,5,0.00,'2017-08-02 22:05:53',NULL),(328,24,6,0.00,'2017-08-02 22:05:53',NULL),(329,24,7,0.00,'2017-08-02 22:05:53',NULL),(330,24,8,0.00,'2017-08-02 22:05:53',NULL),(331,24,9,219.00,'2017-08-02 22:05:53',NULL),(332,24,10,219.00,'2017-08-02 22:05:53',NULL),(333,24,11,219.00,'2017-08-02 22:05:53',NULL),(334,24,12,219.00,'2017-08-02 22:05:53',NULL),(335,24,13,450.00,'2017-08-02 22:05:53',NULL),(336,24,14,450.00,'2017-08-02 22:05:53',NULL),(337,25,1,200.00,'2017-08-02 22:06:11',NULL),(338,25,2,200.00,'2017-08-02 22:06:11',NULL),(339,25,3,200.00,'2017-08-02 22:06:11',NULL),(340,25,4,200.00,'2017-08-02 22:06:11',NULL),(341,25,5,200.00,'2017-08-02 22:06:11',NULL),(342,25,6,200.00,'2017-08-02 22:06:11',NULL),(343,25,7,200.00,'2017-08-02 22:06:11',NULL),(344,25,8,200.00,'2017-08-02 22:06:11',NULL),(345,25,9,300.00,'2017-08-02 22:06:11',NULL),(346,25,10,300.00,'2017-08-02 22:06:11',NULL),(347,25,11,300.00,'2017-08-02 22:06:11',NULL),(348,25,12,300.00,'2017-08-02 22:06:11',NULL),(349,25,13,150.00,'2017-08-02 22:06:11',NULL),(350,25,14,150.00,'2017-08-02 22:06:11',NULL),(351,26,1,300.00,'2017-08-02 22:06:26',NULL),(352,26,2,300.00,'2017-08-02 22:06:26',NULL),(353,26,3,300.00,'2017-08-02 22:06:26',NULL),(354,26,4,300.00,'2017-08-02 22:06:26',NULL),(355,26,5,300.00,'2017-08-02 22:06:26',NULL),(356,26,6,300.00,'2017-08-02 22:06:26',NULL),(357,26,7,300.00,'2017-08-02 22:06:26',NULL),(358,26,8,300.00,'2017-08-02 22:06:26',NULL),(359,26,9,300.00,'2017-08-02 22:06:26',NULL),(360,26,10,300.00,'2017-08-02 22:06:26',NULL),(361,26,11,300.00,'2017-08-02 22:06:26',NULL),(362,26,12,300.00,'2017-08-02 22:06:26',NULL),(363,26,13,300.00,'2017-08-02 22:06:26',NULL),(364,26,14,300.00,'2017-08-02 22:06:26',NULL),(365,27,1,70.00,'2017-08-02 22:07:15',NULL),(366,27,2,70.00,'2017-08-02 22:07:15',NULL),(367,27,3,70.00,'2017-08-02 22:07:15',NULL),(368,27,4,70.00,'2017-08-02 22:07:15',NULL),(369,27,5,70.00,'2017-08-02 22:07:15',NULL),(370,27,6,70.00,'2017-08-02 22:07:15',NULL),(371,27,7,70.00,'2017-08-02 22:07:15',NULL),(372,27,8,70.00,'2017-08-02 22:07:15',NULL),(373,27,9,80.00,'2017-08-02 22:07:15',NULL),(374,27,10,80.00,'2017-08-02 22:07:15',NULL),(375,27,11,80.00,'2017-08-02 22:07:15',NULL),(376,27,12,80.00,'2017-08-02 22:07:15',NULL),(377,27,13,120.00,'2017-08-02 22:07:15',NULL),(378,27,14,120.00,'2017-08-02 22:07:15',NULL),(379,28,1,330.00,'2017-08-02 22:07:46',NULL),(380,28,2,330.00,'2017-08-02 22:07:46',NULL),(381,28,3,330.00,'2017-08-02 22:07:46',NULL),(382,28,4,330.00,'2017-08-02 22:07:46',NULL),(383,28,5,330.00,'2017-08-02 22:07:46',NULL),(384,28,6,330.00,'2017-08-02 22:07:46',NULL),(385,28,7,330.00,'2017-08-02 22:07:46',NULL),(386,28,8,330.00,'2017-08-02 22:07:46',NULL),(387,28,9,400.00,'2017-08-02 22:07:46',NULL),(388,28,10,400.00,'2017-08-02 22:07:46',NULL),(389,28,11,400.00,'2017-08-02 22:07:46',NULL),(390,28,12,400.00,'2017-08-02 22:07:46',NULL),(391,28,13,500.00,'2017-08-02 22:07:46',NULL),(392,28,14,500.00,'2017-08-02 22:07:46',NULL),(393,29,1,300.00,'2017-08-02 22:08:03',NULL),(394,29,2,300.00,'2017-08-02 22:08:03',NULL),(395,29,3,300.00,'2017-08-02 22:08:03',NULL),(396,29,4,300.00,'2017-08-02 22:08:03',NULL),(397,29,5,300.00,'2017-08-02 22:08:03',NULL),(398,29,6,300.00,'2017-08-02 22:08:03',NULL),(399,29,7,300.00,'2017-08-02 22:08:03',NULL),(400,29,8,300.00,'2017-08-02 22:08:03',NULL),(401,29,9,150.00,'2017-08-02 22:08:03',NULL),(402,29,10,150.00,'2017-08-02 22:08:03',NULL),(403,29,11,150.00,'2017-08-02 22:08:03',NULL),(404,29,12,150.00,'2017-08-02 22:08:03',NULL),(405,29,13,240.00,'2017-08-02 22:08:03',NULL),(406,29,14,240.00,'2017-08-02 22:08:03',NULL),(407,30,1,300.00,'2017-08-02 22:08:29',NULL),(408,30,2,300.00,'2017-08-02 22:08:29',NULL),(409,30,3,300.00,'2017-08-02 22:08:29',NULL),(410,30,4,300.00,'2017-08-02 22:08:29',NULL),(411,30,5,300.00,'2017-08-02 22:08:29',NULL),(412,30,6,300.00,'2017-08-02 22:08:29',NULL),(413,30,7,300.00,'2017-08-02 22:08:29',NULL),(414,30,8,300.00,'2017-08-02 22:08:29',NULL),(415,30,9,180.00,'2017-08-02 22:08:29',NULL),(416,30,10,180.00,'2017-08-02 22:08:29',NULL),(417,30,11,180.00,'2017-08-02 22:08:29',NULL),(418,30,12,180.00,'2017-08-02 22:08:29',NULL),(419,30,13,200.00,'2017-08-02 22:08:29',NULL),(420,30,14,200.00,'2017-08-02 22:08:29',NULL),(421,31,1,200.00,'2017-08-02 22:08:49',NULL),(422,31,2,200.00,'2017-08-02 22:08:49',NULL),(423,31,3,200.00,'2017-08-02 22:08:49',NULL),(424,31,4,200.00,'2017-08-02 22:08:49',NULL),(425,31,5,200.00,'2017-08-02 22:08:49',NULL),(426,31,6,200.00,'2017-08-02 22:08:49',NULL),(427,31,7,200.00,'2017-08-02 22:08:50',NULL),(428,31,8,200.00,'2017-08-02 22:08:50',NULL),(429,31,9,200.00,'2017-08-02 22:08:50',NULL),(430,31,10,200.00,'2017-08-02 22:08:50',NULL),(431,31,11,200.00,'2017-08-02 22:08:50',NULL),(432,31,12,200.00,'2017-08-02 22:08:50',NULL),(433,31,13,200.00,'2017-08-02 22:08:50',NULL),(434,31,14,200.00,'2017-08-02 22:08:50',NULL),(435,32,1,30.00,'2017-08-02 22:09:11',NULL),(436,32,2,30.00,'2017-08-02 22:09:11',NULL),(437,32,3,30.00,'2017-08-02 22:09:11',NULL),(438,32,4,30.00,'2017-08-02 22:09:11',NULL),(439,32,5,30.00,'2017-08-02 22:09:11',NULL),(440,32,6,30.00,'2017-08-02 22:09:12',NULL),(441,32,7,30.00,'2017-08-02 22:09:12',NULL),(442,32,8,30.00,'2017-08-02 22:09:12',NULL),(443,32,9,100.00,'2017-08-02 22:09:12',NULL),(444,32,10,100.00,'2017-08-02 22:09:12',NULL),(445,32,11,100.00,'2017-08-02 22:09:12',NULL),(446,32,12,100.00,'2017-08-02 22:09:12',NULL),(447,32,13,40.00,'2017-08-02 22:09:12',NULL),(448,32,14,40.00,'2017-08-02 22:09:12',NULL),(449,33,1,1000.00,'2017-08-02 22:09:47',NULL),(450,33,2,1000.00,'2017-08-02 22:09:47',NULL),(451,33,3,1300.00,'2017-08-02 22:09:47',NULL),(452,33,4,1300.00,'2017-08-02 22:09:47',NULL),(453,33,5,1300.00,'2017-08-02 22:09:47',NULL),(454,33,6,1300.00,'2017-08-02 22:09:47',NULL),(455,33,7,1300.00,'2017-08-02 22:09:47',NULL),(456,33,8,1300.00,'2017-08-02 22:09:47',NULL),(457,33,9,1300.00,'2017-08-02 22:09:47',NULL),(458,33,10,1300.00,'2017-08-02 22:09:47',NULL),(459,33,11,1300.00,'2017-08-02 22:09:47',NULL),(460,33,12,1300.00,'2017-08-02 22:09:47',NULL),(461,33,13,1500.00,'2017-08-02 22:09:47',NULL),(462,33,14,1500.00,'2017-08-02 22:09:47',NULL),(463,34,1,0.00,'2017-08-02 22:10:11',NULL),(464,34,2,0.00,'2017-08-02 22:10:11',NULL),(465,34,3,0.00,'2017-08-02 22:10:11',NULL),(466,34,4,0.00,'2017-08-02 22:10:11',NULL),(467,34,5,0.00,'2017-08-02 22:10:11',NULL),(468,34,6,0.00,'2017-08-02 22:10:11',NULL),(469,34,7,0.00,'2017-08-02 22:10:11',NULL),(470,34,8,0.00,'2017-08-02 22:10:11',NULL),(471,34,9,300.00,'2017-08-02 22:10:11',NULL),(472,34,10,300.00,'2017-08-02 22:10:11',NULL),(473,34,11,300.00,'2017-08-02 22:10:11',NULL),(474,34,12,300.00,'2017-08-02 22:10:11',NULL),(475,34,13,0.00,'2017-08-02 22:10:11',NULL),(476,34,14,0.00,'2017-08-02 22:10:11',NULL),(477,35,1,0.00,'2017-08-02 22:10:32',NULL),(478,35,2,0.00,'2017-08-02 22:10:32',NULL),(479,35,3,0.00,'2017-08-02 22:10:32',NULL),(480,35,4,0.00,'2017-08-02 22:10:32',NULL),(481,35,5,0.00,'2017-08-02 22:10:32',NULL),(482,35,6,0.00,'2017-08-02 22:10:32',NULL),(483,35,7,0.00,'2017-08-02 22:10:32',NULL),(484,35,8,0.00,'2017-08-02 22:10:32',NULL),(485,35,9,151.00,'2017-08-02 22:10:32',NULL),(486,35,10,151.00,'2017-08-02 22:10:32',NULL),(487,35,11,151.00,'2017-08-02 22:10:32',NULL),(488,35,12,151.00,'2017-08-02 22:10:32',NULL),(489,35,13,250.00,'2017-08-02 22:10:32',NULL),(490,35,14,250.00,'2017-08-02 22:10:32',NULL),(491,36,1,0.00,'2017-08-02 22:10:58',NULL),(492,36,2,0.00,'2017-08-02 22:10:58',NULL),(493,36,3,0.00,'2017-08-02 22:10:58',NULL),(494,36,4,0.00,'2017-08-02 22:10:58',NULL),(495,36,5,0.00,'2017-08-02 22:10:58',NULL),(496,36,6,0.00,'2017-08-02 22:10:58',NULL),(497,36,7,0.00,'2017-08-02 22:10:58',NULL),(498,36,8,0.00,'2017-08-02 22:10:58',NULL),(499,36,9,0.00,'2017-08-02 22:10:58',NULL),(500,36,10,0.00,'2017-08-02 22:10:58',NULL),(501,36,11,0.00,'2017-08-02 22:10:58',NULL),(502,36,12,0.00,'2017-08-02 22:10:58',NULL),(503,36,13,0.00,'2017-08-02 22:10:58',NULL),(504,36,14,0.00,'2017-08-02 22:10:58',NULL),(505,37,1,6612.50,'2017-08-02 22:12:28',NULL),(506,37,2,6612.50,'2017-08-02 22:12:28',NULL),(507,37,3,7935.00,'2017-08-02 22:12:28',NULL),(508,37,4,7935.00,'2017-08-02 22:12:28',NULL),(509,37,5,7935.00,'2017-08-02 22:12:28',NULL),(510,37,6,9257.50,'2017-08-02 22:12:28',NULL),(511,37,7,9257.50,'2017-08-02 22:12:28',NULL),(512,37,8,9257.50,'2017-08-02 22:12:28',NULL),(513,37,9,10120.00,'2017-08-02 22:12:28',NULL),(514,37,10,10120.00,'2017-08-02 22:12:28',NULL),(515,37,11,10120.00,'2017-08-02 22:12:28',NULL),(516,37,12,10120.00,'2017-08-02 22:12:28',NULL),(517,37,13,14000.00,'2017-08-02 22:12:28',NULL),(518,37,14,14000.00,'2017-08-02 22:12:28',NULL),(519,38,1,3970.00,'2017-08-02 22:12:54',NULL),(520,38,2,3970.00,'2017-08-02 22:12:54',NULL),(521,38,3,5320.00,'2017-08-02 22:12:54',NULL),(522,38,4,5320.00,'2017-08-02 22:12:54',NULL),(523,38,5,5320.00,'2017-08-02 22:12:54',NULL),(524,38,6,5370.00,'2017-08-02 22:12:54',NULL),(525,38,7,5370.00,'2017-08-02 22:12:54',NULL),(526,38,8,5370.00,'2017-08-02 22:12:54',NULL),(527,38,9,5451.00,'2017-08-02 22:12:54',NULL),(528,38,10,5451.00,'2017-08-02 22:12:54',NULL),(529,38,11,5451.00,'2017-08-02 22:12:54',NULL),(530,38,12,5451.00,'2017-08-02 22:12:54',NULL),(531,38,13,6500.00,'2017-08-02 22:12:54',NULL),(532,38,14,6500.00,'2017-08-02 22:12:54',NULL),(533,39,1,1200.00,'2017-08-02 22:13:15',NULL),(534,39,2,1200.00,'2017-08-02 22:13:15',NULL),(535,39,3,1200.00,'2017-08-02 22:13:15',NULL),(536,39,4,1200.00,'2017-08-02 22:13:15',NULL),(537,39,5,1200.00,'2017-08-02 22:13:15',NULL),(538,39,6,1200.00,'2017-08-02 22:13:15',NULL),(539,39,7,1200.00,'2017-08-02 22:13:15',NULL),(540,39,8,1200.00,'2017-08-02 22:13:15',NULL),(541,39,9,1500.00,'2017-08-02 22:13:15',NULL),(542,39,10,1500.00,'2017-08-02 22:13:15',NULL),(543,39,11,1500.00,'2017-08-02 22:13:15',NULL),(544,39,12,1500.00,'2017-08-02 22:13:15',NULL),(545,39,13,1100.00,'2017-08-02 22:13:15',NULL),(546,39,14,1100.00,'2017-08-02 22:13:15',NULL),(547,40,1,550.00,'2017-08-02 22:13:35',NULL),(548,40,2,550.00,'2017-08-02 22:13:35',NULL),(549,40,3,550.00,'2017-08-02 22:13:35',NULL),(550,40,4,550.00,'2017-08-02 22:13:35',NULL),(551,40,5,550.00,'2017-08-02 22:13:35',NULL),(552,40,6,550.00,'2017-08-02 22:13:35',NULL),(553,40,7,550.00,'2017-08-02 22:13:35',NULL),(554,40,8,550.00,'2017-08-02 22:13:35',NULL),(555,40,9,500.00,'2017-08-02 22:13:35',NULL),(556,40,10,500.00,'2017-08-02 22:13:35',NULL),(557,40,11,500.00,'2017-08-02 22:13:35',NULL),(558,40,12,500.00,'2017-08-02 22:13:35',NULL),(559,40,13,300.00,'2017-08-02 22:13:35',NULL),(560,40,14,300.00,'2017-08-02 22:13:35',NULL),(561,41,1,500.00,'2017-08-02 22:13:53',NULL),(562,41,2,500.00,'2017-08-02 22:13:54',NULL),(563,41,3,500.00,'2017-08-02 22:13:54',NULL),(564,41,4,500.00,'2017-08-02 22:13:54',NULL),(565,41,5,500.00,'2017-08-02 22:13:54',NULL),(566,41,6,500.00,'2017-08-02 22:13:54',NULL),(567,41,7,500.00,'2017-08-02 22:13:54',NULL),(568,41,8,500.00,'2017-08-02 22:13:54',NULL),(569,41,9,500.00,'2017-08-02 22:13:54',NULL),(570,41,10,500.00,'2017-08-02 22:13:54',NULL),(571,41,11,500.00,'2017-08-02 22:13:54',NULL),(572,41,12,500.00,'2017-08-02 22:13:54',NULL),(573,41,13,150.00,'2017-08-02 22:13:54',NULL),(574,41,14,0.00,'2017-08-02 22:13:54',NULL),(575,42,1,0.00,'2017-08-02 22:14:14',NULL),(576,42,2,0.00,'2017-08-02 22:14:14',NULL),(577,42,3,0.00,'2017-08-02 22:14:14',NULL),(578,42,4,0.00,'2017-08-02 22:14:14',NULL),(579,42,5,0.00,'2017-08-02 22:14:14',NULL),(580,42,6,0.00,'2017-08-02 22:14:14',NULL),(581,42,7,0.00,'2017-08-02 22:14:14',NULL),(582,42,8,0.00,'2017-08-02 22:14:14',NULL),(583,42,9,219.00,'2017-08-02 22:14:14',NULL),(584,42,10,219.00,'2017-08-02 22:14:14',NULL),(585,42,11,219.00,'2017-08-02 22:14:14',NULL),(586,42,12,219.00,'2017-08-02 22:14:14',NULL),(587,42,13,450.00,'2017-08-02 22:14:14',NULL),(588,42,14,450.00,'2017-08-02 22:14:14',NULL),(589,43,1,200.00,'2017-08-02 22:14:36',NULL),(590,43,2,200.00,'2017-08-02 22:14:36',NULL),(591,43,3,200.00,'2017-08-02 22:14:36',NULL),(592,43,4,200.00,'2017-08-02 22:14:36',NULL),(593,43,5,200.00,'2017-08-02 22:14:36',NULL),(594,43,6,200.00,'2017-08-02 22:14:36',NULL),(595,43,7,200.00,'2017-08-02 22:14:36',NULL),(596,43,8,200.00,'2017-08-02 22:14:36',NULL),(597,43,9,300.00,'2017-08-02 22:14:36',NULL),(598,43,10,300.00,'2017-08-02 22:14:36',NULL),(599,43,11,300.00,'2017-08-02 22:14:36',NULL),(600,43,12,300.00,'2017-08-02 22:14:36',NULL),(601,43,13,150.00,'2017-08-02 22:14:36',NULL),(602,43,14,150.00,'2017-08-02 22:14:36',NULL),(603,44,1,300.00,'2017-08-02 22:15:23',NULL),(604,44,2,300.00,'2017-08-02 22:15:23',NULL),(605,44,3,300.00,'2017-08-02 22:15:23',NULL),(606,44,4,300.00,'2017-08-02 22:15:23',NULL),(607,44,5,300.00,'2017-08-02 22:15:23',NULL),(608,44,6,300.00,'2017-08-02 22:15:23',NULL),(609,44,7,300.00,'2017-08-02 22:15:23',NULL),(610,44,8,300.00,'2017-08-02 22:15:23',NULL),(611,44,9,300.00,'2017-08-02 22:15:23',NULL),(612,44,10,300.00,'2017-08-02 22:15:23',NULL),(613,44,11,300.00,'2017-08-02 22:15:23',NULL),(614,44,12,300.00,'2017-08-02 22:15:23',NULL),(615,44,13,300.00,'2017-08-02 22:15:23',NULL),(616,44,14,300.00,'2017-08-02 22:15:23',NULL),(617,45,1,70.00,'2017-08-02 22:15:45',NULL),(618,45,2,70.00,'2017-08-02 22:15:45',NULL),(619,45,3,70.00,'2017-08-02 22:15:45',NULL),(620,45,4,70.00,'2017-08-02 22:15:45',NULL),(621,45,5,70.00,'2017-08-02 22:15:45',NULL),(622,45,6,70.00,'2017-08-02 22:15:45',NULL),(623,45,7,70.00,'2017-08-02 22:15:45',NULL),(624,45,8,70.00,'2017-08-02 22:15:45',NULL),(625,45,9,80.00,'2017-08-02 22:15:45',NULL),(626,45,10,80.00,'2017-08-02 22:15:45',NULL),(627,45,11,80.00,'2017-08-02 22:15:46',NULL),(628,45,12,80.00,'2017-08-02 22:15:46',NULL),(629,45,13,120.00,'2017-08-02 22:15:46',NULL),(630,45,14,120.00,'2017-08-02 22:15:46',NULL),(631,46,1,330.00,'2017-08-02 22:16:11',NULL),(632,46,2,330.00,'2017-08-02 22:16:11',NULL),(633,46,3,330.00,'2017-08-02 22:16:11',NULL),(634,46,4,330.00,'2017-08-02 22:16:11',NULL),(635,46,5,330.00,'2017-08-02 22:16:11',NULL),(636,46,6,330.00,'2017-08-02 22:16:11',NULL),(637,46,7,330.00,'2017-08-02 22:16:11',NULL),(638,46,8,330.00,'2017-08-02 22:16:11',NULL),(639,46,9,400.00,'2017-08-02 22:16:11',NULL),(640,46,10,400.00,'2017-08-02 22:16:11',NULL),(641,46,11,400.00,'2017-08-02 22:16:11',NULL),(642,46,12,400.00,'2017-08-02 22:16:11',NULL),(643,46,13,500.00,'2017-08-02 22:16:11',NULL),(644,46,14,500.00,'2017-08-02 22:16:11',NULL),(645,47,1,300.00,'2017-08-02 22:16:39',NULL),(646,47,2,300.00,'2017-08-02 22:16:39',NULL),(647,47,3,300.00,'2017-08-02 22:16:39',NULL),(648,47,4,300.00,'2017-08-02 22:16:39',NULL),(649,47,5,300.00,'2017-08-02 22:16:39',NULL),(650,47,6,300.00,'2017-08-02 22:16:39',NULL),(651,47,7,300.00,'2017-08-02 22:16:39',NULL),(652,47,8,300.00,'2017-08-02 22:16:39',NULL),(653,47,9,150.00,'2017-08-02 22:16:39',NULL),(654,47,10,150.00,'2017-08-02 22:16:39',NULL),(655,47,11,150.00,'2017-08-02 22:16:39',NULL),(656,47,12,150.00,'2017-08-02 22:16:39',NULL),(657,47,13,240.00,'2017-08-02 22:16:40',NULL),(658,47,14,240.00,'2017-08-02 22:16:40',NULL),(659,48,1,300.00,'2017-08-02 22:17:03',NULL),(660,48,2,300.00,'2017-08-02 22:17:03',NULL),(661,48,3,300.00,'2017-08-02 22:17:03',NULL),(662,48,4,300.00,'2017-08-02 22:17:03',NULL),(663,48,5,300.00,'2017-08-02 22:17:03',NULL),(664,48,6,300.00,'2017-08-02 22:17:03',NULL),(665,48,7,300.00,'2017-08-02 22:17:03',NULL),(666,48,8,300.00,'2017-08-02 22:17:03',NULL),(667,48,9,180.00,'2017-08-02 22:17:03',NULL),(668,48,10,180.00,'2017-08-02 22:17:03',NULL),(669,48,11,180.00,'2017-08-02 22:17:03',NULL),(670,48,12,180.00,'2017-08-02 22:17:04',NULL),(671,48,13,200.00,'2017-08-02 22:17:04',NULL),(672,48,14,200.00,'2017-08-02 22:17:04',NULL),(673,49,1,200.00,'2017-08-02 22:17:32',NULL),(674,49,2,200.00,'2017-08-02 22:17:32',NULL),(675,49,3,200.00,'2017-08-02 22:17:32',NULL),(676,49,4,200.00,'2017-08-02 22:17:32',NULL),(677,49,5,200.00,'2017-08-02 22:17:32',NULL),(678,49,6,200.00,'2017-08-02 22:17:32',NULL),(679,49,7,200.00,'2017-08-02 22:17:32',NULL),(680,49,8,200.00,'2017-08-02 22:17:32',NULL),(681,49,9,200.00,'2017-08-02 22:17:32',NULL),(682,49,10,200.00,'2017-08-02 22:17:32',NULL),(683,49,11,200.00,'2017-08-02 22:17:32',NULL),(684,49,12,200.00,'2017-08-02 22:17:32',NULL),(685,49,13,200.00,'2017-08-02 22:17:32',NULL),(686,49,14,200.00,'2017-08-02 22:17:32',NULL),(687,50,1,30.00,'2017-08-02 22:18:23',NULL),(688,50,2,30.00,'2017-08-02 22:18:23',NULL),(689,50,3,30.00,'2017-08-02 22:18:23',NULL),(690,50,4,30.00,'2017-08-02 22:18:23',NULL),(691,50,5,30.00,'2017-08-02 22:18:23',NULL),(692,50,6,30.00,'2017-08-02 22:18:23',NULL),(693,50,7,30.00,'2017-08-02 22:18:23',NULL),(694,50,8,30.00,'2017-08-02 22:18:23',NULL),(695,50,9,100.00,'2017-08-02 22:18:23',NULL),(696,50,10,100.00,'2017-08-02 22:18:23',NULL),(697,50,11,100.00,'2017-08-02 22:18:23',NULL),(698,50,12,100.00,'2017-08-02 22:18:23',NULL),(699,50,13,40.00,'2017-08-02 22:18:23',NULL),(700,50,14,40.00,'2017-08-02 22:18:23',NULL),(701,51,1,1000.00,'2017-08-02 22:18:48',NULL),(702,51,2,1000.00,'2017-08-02 22:18:48',NULL),(703,51,3,1300.00,'2017-08-02 22:18:48',NULL),(704,51,4,1300.00,'2017-08-02 22:18:48',NULL),(705,51,5,1300.00,'2017-08-02 22:18:48',NULL),(706,51,6,1300.00,'2017-08-02 22:18:48',NULL),(707,51,7,1300.00,'2017-08-02 22:18:48',NULL),(708,51,8,1300.00,'2017-08-02 22:18:48',NULL),(709,51,9,1300.00,'2017-08-02 22:18:48',NULL),(710,51,10,1300.00,'2017-08-02 22:18:48',NULL),(711,51,11,1300.00,'2017-08-02 22:18:48',NULL),(712,51,12,1300.00,'2017-08-02 22:18:48',NULL),(713,51,13,1500.00,'2017-08-02 22:18:48',NULL),(714,51,14,1500.00,'2017-08-02 22:18:48',NULL),(715,52,1,0.00,'2017-08-02 22:19:15',NULL),(716,52,2,0.00,'2017-08-02 22:19:15',NULL),(717,52,3,0.00,'2017-08-02 22:19:15',NULL),(718,52,4,0.00,'2017-08-02 22:19:15',NULL),(719,52,5,0.00,'2017-08-02 22:19:15',NULL),(720,52,6,0.00,'2017-08-02 22:19:15',NULL),(721,52,7,0.00,'2017-08-02 22:19:15',NULL),(722,52,8,0.00,'2017-08-02 22:19:15',NULL),(723,52,9,300.00,'2017-08-02 22:19:15',NULL),(724,52,10,300.00,'2017-08-02 22:19:15',NULL),(725,52,11,300.00,'2017-08-02 22:19:15',NULL),(726,52,12,300.00,'2017-08-02 22:19:15',NULL),(727,52,13,0.00,'2017-08-02 22:19:15',NULL),(728,52,14,0.00,'2017-08-02 22:19:15',NULL),(729,53,1,0.00,'2017-08-02 22:19:41',NULL),(730,53,2,0.00,'2017-08-02 22:19:41',NULL),(731,53,3,0.00,'2017-08-02 22:19:41',NULL),(732,53,4,0.00,'2017-08-02 22:19:41',NULL),(733,53,5,0.00,'2017-08-02 22:19:41',NULL),(734,53,6,0.00,'2017-08-02 22:19:41',NULL),(735,53,7,0.00,'2017-08-02 22:19:41',NULL),(736,53,8,0.00,'2017-08-02 22:19:41',NULL),(737,53,9,151.00,'2017-08-02 22:19:41',NULL),(738,53,10,151.00,'2017-08-02 22:19:41',NULL),(739,53,11,151.00,'2017-08-02 22:19:41',NULL),(740,53,12,151.00,'2017-08-02 22:19:41',NULL),(741,53,13,250.00,'2017-08-02 22:19:41',NULL),(742,53,14,250.00,'2017-08-02 22:19:41',NULL),(743,54,1,0.00,'2017-08-02 22:20:10',NULL),(744,54,2,0.00,'2017-08-02 22:20:10',NULL),(745,54,3,0.00,'2017-08-02 22:20:10',NULL),(746,54,4,0.00,'2017-08-02 22:20:10',NULL),(747,54,5,0.00,'2017-08-02 22:20:10',NULL),(748,54,6,0.00,'2017-08-02 22:20:10',NULL),(749,54,7,0.00,'2017-08-02 22:20:10',NULL),(750,54,8,0.00,'2017-08-02 22:20:10',NULL),(751,54,9,0.00,'2017-08-02 22:20:10',NULL),(752,54,10,0.00,'2017-08-02 22:20:10',NULL),(753,54,11,0.00,'2017-08-02 22:20:10',NULL),(754,54,12,0.00,'2017-08-02 22:20:10',NULL),(755,54,13,0.00,'2017-08-02 22:20:10',NULL),(756,54,14,0.00,'2017-08-02 22:20:10',NULL),(757,55,1,6612.50,'2017-08-02 22:22:23',NULL),(758,55,2,6612.50,'2017-08-02 22:22:23',NULL),(759,55,3,7935.00,'2017-08-02 22:22:23',NULL),(760,55,4,7935.00,'2017-08-02 22:22:24',NULL),(761,55,5,7935.00,'2017-08-02 22:22:24',NULL),(762,55,6,9257.50,'2017-08-02 22:22:24',NULL),(763,55,7,9257.50,'2017-08-02 22:22:24',NULL),(764,55,8,9257.50,'2017-08-02 22:22:24',NULL),(765,55,9,10120.00,'2017-08-02 22:22:24',NULL),(766,55,10,10120.00,'2017-08-02 22:22:24',NULL),(767,55,11,10120.00,'2017-08-02 22:22:24',NULL),(768,55,12,10120.00,'2017-08-02 22:22:24',NULL),(769,55,13,14000.00,'2017-08-02 22:22:24',NULL),(770,55,14,14000.00,'2017-08-02 22:22:24',NULL),(771,56,1,3970.00,'2017-08-02 22:22:42',NULL),(772,56,2,3970.00,'2017-08-02 22:22:42',NULL),(773,56,3,5320.00,'2017-08-02 22:22:42',NULL),(774,56,4,5320.00,'2017-08-02 22:22:42',NULL),(775,56,5,5320.00,'2017-08-02 22:22:42',NULL),(776,56,6,5370.00,'2017-08-02 22:22:42',NULL),(777,56,7,5370.00,'2017-08-02 22:22:42',NULL),(778,56,8,5370.00,'2017-08-02 22:22:42',NULL),(779,56,9,5451.00,'2017-08-02 22:22:42',NULL),(780,56,10,5451.00,'2017-08-02 22:22:42',NULL),(781,56,11,5451.00,'2017-08-02 22:22:43',NULL),(782,56,12,5451.00,'2017-08-02 22:22:43',NULL),(783,56,13,6500.00,'2017-08-02 22:22:43',NULL),(784,56,14,6500.00,'2017-08-02 22:22:43',NULL),(785,57,1,1200.00,'2017-08-02 22:23:02',NULL),(786,57,2,1200.00,'2017-08-02 22:23:02',NULL),(787,57,3,1200.00,'2017-08-02 22:23:02',NULL),(788,57,4,1200.00,'2017-08-02 22:23:02',NULL),(789,57,5,1200.00,'2017-08-02 22:23:02',NULL),(790,57,6,1200.00,'2017-08-02 22:23:02',NULL),(791,57,7,1200.00,'2017-08-02 22:23:02',NULL),(792,57,8,1200.00,'2017-08-02 22:23:02',NULL),(793,57,9,1500.00,'2017-08-02 22:23:02',NULL),(794,57,10,1500.00,'2017-08-02 22:23:02',NULL),(795,57,11,1500.00,'2017-08-02 22:23:02',NULL),(796,57,12,1500.00,'2017-08-02 22:23:02',NULL),(797,57,13,1100.00,'2017-08-02 22:23:02',NULL),(798,57,14,1100.00,'2017-08-02 22:23:02',NULL),(799,58,1,550.00,'2017-08-02 22:23:22',NULL),(800,58,2,550.00,'2017-08-02 22:23:22',NULL),(801,58,3,550.00,'2017-08-02 22:23:22',NULL),(802,58,4,550.00,'2017-08-02 22:23:22',NULL),(803,58,5,550.00,'2017-08-02 22:23:22',NULL),(804,58,6,550.00,'2017-08-02 22:23:23',NULL),(805,58,7,550.00,'2017-08-02 22:23:23',NULL),(806,58,8,550.00,'2017-08-02 22:23:23',NULL),(807,58,9,500.00,'2017-08-02 22:23:23',NULL),(808,58,10,500.00,'2017-08-02 22:23:23',NULL),(809,58,11,500.00,'2017-08-02 22:23:23',NULL),(810,58,12,500.00,'2017-08-02 22:23:23',NULL),(811,58,13,300.00,'2017-08-02 22:23:23',NULL),(812,58,14,300.00,'2017-08-02 22:23:23',NULL),(813,59,1,500.00,'2017-08-02 22:23:48',NULL),(814,59,2,500.00,'2017-08-02 22:23:48',NULL),(815,59,3,500.00,'2017-08-02 22:23:48',NULL),(816,59,4,500.00,'2017-08-02 22:23:48',NULL),(817,59,5,500.00,'2017-08-02 22:23:48',NULL),(818,59,6,500.00,'2017-08-02 22:23:48',NULL),(819,59,7,500.00,'2017-08-02 22:23:48',NULL),(820,59,8,500.00,'2017-08-02 22:23:48',NULL),(821,59,9,500.00,'2017-08-02 22:23:48',NULL),(822,59,10,500.00,'2017-08-02 22:23:48',NULL),(823,59,11,500.00,'2017-08-02 22:23:48',NULL),(824,59,12,500.00,'2017-08-02 22:23:48',NULL),(825,59,13,150.00,'2017-08-02 22:23:48',NULL),(826,59,14,0.00,'2017-08-02 22:23:48',NULL),(827,60,1,0.00,'2017-08-02 22:24:21',NULL),(828,60,2,0.00,'2017-08-02 22:24:21',NULL),(829,60,3,0.00,'2017-08-02 22:24:21',NULL),(830,60,4,0.00,'2017-08-02 22:24:21',NULL),(831,60,5,0.00,'2017-08-02 22:24:21',NULL),(832,60,6,0.00,'2017-08-02 22:24:21',NULL),(833,60,7,0.00,'2017-08-02 22:24:21',NULL),(834,60,8,0.00,'2017-08-02 22:24:21',NULL),(835,60,9,219.00,'2017-08-02 22:24:21',NULL),(836,60,10,219.00,'2017-08-02 22:24:21',NULL),(837,60,11,219.00,'2017-08-02 22:24:21',NULL),(838,60,12,219.00,'2017-08-02 22:24:21',NULL),(839,60,13,450.00,'2017-08-02 22:24:21',NULL),(840,60,14,450.00,'2017-08-02 22:24:21',NULL),(841,61,1,200.00,'2017-08-02 22:24:41',NULL),(842,61,2,200.00,'2017-08-02 22:24:41',NULL),(843,61,3,200.00,'2017-08-02 22:24:41',NULL),(844,61,4,200.00,'2017-08-02 22:24:41',NULL),(845,61,5,200.00,'2017-08-02 22:24:41',NULL),(846,61,6,200.00,'2017-08-02 22:24:41',NULL),(847,61,7,200.00,'2017-08-02 22:24:41',NULL),(848,61,8,200.00,'2017-08-02 22:24:41',NULL),(849,61,9,300.00,'2017-08-02 22:24:41',NULL),(850,61,10,300.00,'2017-08-02 22:24:41',NULL),(851,61,11,300.00,'2017-08-02 22:24:41',NULL),(852,61,12,300.00,'2017-08-02 22:24:41',NULL),(853,61,13,150.00,'2017-08-02 22:24:41',NULL),(854,61,14,150.00,'2017-08-02 22:24:41',NULL),(855,62,1,300.00,'2017-08-02 22:25:06',NULL),(856,62,2,300.00,'2017-08-02 22:25:06',NULL),(857,62,3,300.00,'2017-08-02 22:25:06',NULL),(858,62,4,300.00,'2017-08-02 22:25:06',NULL),(859,62,5,300.00,'2017-08-02 22:25:06',NULL),(860,62,6,300.00,'2017-08-02 22:25:06',NULL),(861,62,7,300.00,'2017-08-02 22:25:06',NULL),(862,62,8,300.00,'2017-08-02 22:25:07',NULL),(863,62,9,300.00,'2017-08-02 22:25:07',NULL),(864,62,10,300.00,'2017-08-02 22:25:07',NULL),(865,62,11,300.00,'2017-08-02 22:25:07',NULL),(866,62,12,300.00,'2017-08-02 22:25:07',NULL),(867,62,13,300.00,'2017-08-02 22:25:07',NULL),(868,62,14,300.00,'2017-08-02 22:25:07',NULL),(869,63,1,70.00,'2017-08-02 22:25:31',NULL),(870,63,2,70.00,'2017-08-02 22:25:31',NULL),(871,63,3,70.00,'2017-08-02 22:25:31',NULL),(872,63,4,70.00,'2017-08-02 22:25:31',NULL),(873,63,5,70.00,'2017-08-02 22:25:31',NULL),(874,63,6,70.00,'2017-08-02 22:25:31',NULL),(875,63,7,70.00,'2017-08-02 22:25:31',NULL),(876,63,8,70.00,'2017-08-02 22:25:31',NULL),(877,63,9,80.00,'2017-08-02 22:25:31',NULL),(878,63,10,80.00,'2017-08-02 22:25:31',NULL),(879,63,11,80.00,'2017-08-02 22:25:31',NULL),(880,63,12,80.00,'2017-08-02 22:25:31',NULL),(881,63,13,120.00,'2017-08-02 22:25:32',NULL),(882,63,14,120.00,'2017-08-02 22:25:32',NULL),(883,64,1,330.00,'2017-08-02 22:25:56',NULL),(884,64,2,330.00,'2017-08-02 22:25:56',NULL),(885,64,3,330.00,'2017-08-02 22:25:56',NULL),(886,64,4,330.00,'2017-08-02 22:25:56',NULL),(887,64,5,330.00,'2017-08-02 22:25:56',NULL),(888,64,6,330.00,'2017-08-02 22:25:56',NULL),(889,64,7,330.00,'2017-08-02 22:25:56',NULL),(890,64,8,330.00,'2017-08-02 22:25:56',NULL),(891,64,9,400.00,'2017-08-02 22:25:56',NULL),(892,64,10,400.00,'2017-08-02 22:25:56',NULL),(893,64,11,400.00,'2017-08-02 22:25:56',NULL),(894,64,12,400.00,'2017-08-02 22:25:56',NULL),(895,64,13,500.00,'2017-08-02 22:25:56',NULL),(896,64,14,500.00,'2017-08-02 22:25:56',NULL),(897,65,1,300.00,'2017-08-02 22:26:22',NULL),(898,65,2,300.00,'2017-08-02 22:26:22',NULL),(899,65,3,300.00,'2017-08-02 22:26:22',NULL),(900,65,4,300.00,'2017-08-02 22:26:22',NULL),(901,65,5,300.00,'2017-08-02 22:26:22',NULL),(902,65,6,300.00,'2017-08-02 22:26:22',NULL),(903,65,7,300.00,'2017-08-02 22:26:22',NULL),(904,65,8,300.00,'2017-08-02 22:26:22',NULL),(905,65,9,150.00,'2017-08-02 22:26:22',NULL),(906,65,10,150.00,'2017-08-02 22:26:22',NULL),(907,65,11,150.00,'2017-08-02 22:26:22',NULL),(908,65,12,150.00,'2017-08-02 22:26:22',NULL),(909,65,13,240.00,'2017-08-02 22:26:22',NULL),(910,65,14,240.00,'2017-08-02 22:26:22',NULL),(911,66,1,300.00,'2017-08-02 22:26:46',NULL),(912,66,2,300.00,'2017-08-02 22:26:46',NULL),(913,66,3,300.00,'2017-08-02 22:26:46',NULL),(914,66,4,300.00,'2017-08-02 22:26:46',NULL),(915,66,5,300.00,'2017-08-02 22:26:46',NULL),(916,66,6,300.00,'2017-08-02 22:26:46',NULL),(917,66,7,300.00,'2017-08-02 22:26:46',NULL),(918,66,8,300.00,'2017-08-02 22:26:46',NULL),(919,66,9,180.00,'2017-08-02 22:26:47',NULL),(920,66,10,180.00,'2017-08-02 22:26:47',NULL),(921,66,11,180.00,'2017-08-02 22:26:47',NULL),(922,66,12,180.00,'2017-08-02 22:26:47',NULL),(923,66,13,200.00,'2017-08-02 22:26:47',NULL),(924,66,14,200.00,'2017-08-02 22:26:47',NULL),(925,67,1,200.00,'2017-08-02 22:27:14',NULL),(926,67,2,200.00,'2017-08-02 22:27:14',NULL),(927,67,3,200.00,'2017-08-02 22:27:15',NULL),(928,67,4,200.00,'2017-08-02 22:27:15',NULL),(929,67,5,200.00,'2017-08-02 22:27:15',NULL),(930,67,6,200.00,'2017-08-02 22:27:15',NULL),(931,67,7,200.00,'2017-08-02 22:27:15',NULL),(932,67,8,200.00,'2017-08-02 22:27:15',NULL),(933,67,9,200.00,'2017-08-02 22:27:15',NULL),(934,67,10,200.00,'2017-08-02 22:27:15',NULL),(935,67,11,200.00,'2017-08-02 22:27:15',NULL),(936,67,12,200.00,'2017-08-02 22:27:15',NULL),(937,67,13,200.00,'2017-08-02 22:27:15',NULL),(938,67,14,200.00,'2017-08-02 22:27:15',NULL),(939,68,1,30.00,'2017-08-02 22:27:47',NULL),(940,68,2,30.00,'2017-08-02 22:27:47',NULL),(941,68,3,30.00,'2017-08-02 22:27:47',NULL),(942,68,4,30.00,'2017-08-02 22:27:47',NULL),(943,68,5,30.00,'2017-08-02 22:27:47',NULL),(944,68,6,30.00,'2017-08-02 22:27:47',NULL),(945,68,7,30.00,'2017-08-02 22:27:47',NULL),(946,68,8,30.00,'2017-08-02 22:27:47',NULL),(947,68,9,100.00,'2017-08-02 22:27:47',NULL),(948,68,10,100.00,'2017-08-02 22:27:47',NULL),(949,68,11,100.00,'2017-08-02 22:27:47',NULL),(950,68,12,100.00,'2017-08-02 22:27:47',NULL),(951,68,13,40.00,'2017-08-02 22:27:47',NULL),(952,68,14,40.00,'2017-08-02 22:27:47',NULL),(953,69,1,1000.00,'2017-08-02 22:28:21',NULL),(954,69,2,1000.00,'2017-08-02 22:28:21',NULL),(955,69,3,1300.00,'2017-08-02 22:28:21',NULL),(956,69,4,1300.00,'2017-08-02 22:28:21',NULL),(957,69,5,1300.00,'2017-08-02 22:28:21',NULL),(958,69,6,1300.00,'2017-08-02 22:28:21',NULL),(959,69,7,1300.00,'2017-08-02 22:28:21',NULL),(960,69,8,1300.00,'2017-08-02 22:28:21',NULL),(961,69,9,1300.00,'2017-08-02 22:28:21',NULL),(962,69,10,1300.00,'2017-08-02 22:28:21',NULL),(963,69,11,1300.00,'2017-08-02 22:28:21',NULL),(964,69,12,1300.00,'2017-08-02 22:28:21',NULL),(965,69,13,1500.00,'2017-08-02 22:28:21',NULL),(966,69,14,1500.00,'2017-08-02 22:28:21',NULL),(967,70,1,0.00,'2017-08-02 22:28:51',NULL),(968,70,2,0.00,'2017-08-02 22:28:51',NULL),(969,70,3,0.00,'2017-08-02 22:28:51',NULL),(970,70,4,0.00,'2017-08-02 22:28:51',NULL),(971,70,5,0.00,'2017-08-02 22:28:52',NULL),(972,70,6,0.00,'2017-08-02 22:28:52',NULL),(973,70,7,0.00,'2017-08-02 22:28:52',NULL),(974,70,8,0.00,'2017-08-02 22:28:52',NULL),(975,70,9,300.00,'2017-08-02 22:28:52',NULL),(976,70,10,300.00,'2017-08-02 22:28:52',NULL),(977,70,11,300.00,'2017-08-02 22:28:52',NULL),(978,70,12,300.00,'2017-08-02 22:28:52',NULL),(979,70,13,0.00,'2017-08-02 22:28:52',NULL),(980,70,14,0.00,'2017-08-02 22:28:52',NULL),(981,71,1,0.00,'2017-08-02 22:30:16',NULL),(982,71,2,0.00,'2017-08-02 22:30:16',NULL),(983,71,3,0.00,'2017-08-02 22:30:16',NULL),(984,71,4,0.00,'2017-08-02 22:30:16',NULL),(985,71,5,0.00,'2017-08-02 22:30:16',NULL),(986,71,6,0.00,'2017-08-02 22:30:16',NULL),(987,71,7,0.00,'2017-08-02 22:30:16',NULL),(988,71,8,0.00,'2017-08-02 22:30:16',NULL),(989,71,9,151.00,'2017-08-02 22:30:16',NULL),(990,71,10,151.00,'2017-08-02 22:30:16',NULL),(991,71,11,151.00,'2017-08-02 22:30:16',NULL),(992,71,12,151.00,'2017-08-02 22:30:16',NULL),(993,71,13,250.00,'2017-08-02 22:30:16',NULL),(994,71,14,250.00,'2017-08-02 22:30:16',NULL),(995,72,1,0.00,'2017-08-02 22:30:35',NULL),(996,72,2,0.00,'2017-08-02 22:30:35',NULL),(997,72,3,0.00,'2017-08-02 22:30:35',NULL),(998,72,4,0.00,'2017-08-02 22:30:35',NULL),(999,72,5,0.00,'2017-08-02 22:30:35',NULL),(1000,72,6,0.00,'2017-08-02 22:30:35',NULL),(1001,72,7,0.00,'2017-08-02 22:30:35',NULL),(1002,72,8,0.00,'2017-08-02 22:30:35',NULL),(1003,72,9,0.00,'2017-08-02 22:30:35',NULL),(1004,72,10,0.00,'2017-08-02 22:30:35',NULL),(1005,72,11,0.00,'2017-08-02 22:30:35',NULL),(1006,72,12,0.00,'2017-08-02 22:30:35',NULL),(1007,72,13,0.00,'2017-08-02 22:30:35',NULL),(1008,72,14,0.00,'2017-08-02 22:30:35',NULL),(1009,73,1,6612.50,'2017-08-02 22:31:07',NULL),(1010,73,2,6612.50,'2017-08-02 22:31:07',NULL),(1011,73,3,7935.00,'2017-08-02 22:31:07',NULL),(1012,73,4,7935.00,'2017-08-02 22:31:07',NULL),(1013,73,5,7935.00,'2017-08-02 22:31:07',NULL),(1014,73,6,9257.50,'2017-08-02 22:31:07',NULL),(1015,73,7,9257.50,'2017-08-02 22:31:07',NULL),(1016,73,8,9257.50,'2017-08-02 22:31:07',NULL),(1017,73,9,10120.00,'2017-08-02 22:31:07',NULL),(1018,73,10,10120.00,'2017-08-02 22:31:07',NULL),(1019,73,11,10120.00,'2017-08-02 22:31:07',NULL),(1020,73,12,10120.00,'2017-08-02 22:31:07',NULL),(1021,73,13,14000.00,'2017-08-02 22:31:07',NULL),(1022,73,14,14000.00,'2017-08-02 22:31:08',NULL),(1023,74,1,3970.00,'2017-08-02 22:31:26',NULL),(1024,74,2,3970.00,'2017-08-02 22:31:26',NULL),(1025,74,3,5320.00,'2017-08-02 22:31:26',NULL),(1026,74,4,5320.00,'2017-08-02 22:31:26',NULL),(1027,74,5,5320.00,'2017-08-02 22:31:26',NULL),(1028,74,6,5370.00,'2017-08-02 22:31:26',NULL),(1029,74,7,5370.00,'2017-08-02 22:31:26',NULL),(1030,74,8,5370.00,'2017-08-02 22:31:26',NULL),(1031,74,9,5451.00,'2017-08-02 22:31:26',NULL),(1032,74,10,5451.00,'2017-08-02 22:31:26',NULL),(1033,74,11,5451.00,'2017-08-02 22:31:26',NULL),(1034,74,12,5451.00,'2017-08-02 22:31:26',NULL),(1035,74,13,6500.00,'2017-08-02 22:31:26',NULL),(1036,74,14,6500.00,'2017-08-02 22:31:26',NULL),(1037,75,1,1200.00,'2017-08-02 22:31:51',NULL),(1038,75,2,1200.00,'2017-08-02 22:31:51',NULL),(1039,75,3,1200.00,'2017-08-02 22:31:51',NULL),(1040,75,4,1200.00,'2017-08-02 22:31:51',NULL),(1041,75,5,1200.00,'2017-08-02 22:31:51',NULL),(1042,75,6,1200.00,'2017-08-02 22:31:51',NULL),(1043,75,7,1200.00,'2017-08-02 22:31:51',NULL),(1044,75,8,1200.00,'2017-08-02 22:31:51',NULL),(1045,75,9,1500.00,'2017-08-02 22:31:52',NULL),(1046,75,10,1500.00,'2017-08-02 22:31:52',NULL),(1047,75,11,1500.00,'2017-08-02 22:31:52',NULL),(1048,75,12,1500.00,'2017-08-02 22:31:52',NULL),(1049,75,13,1100.00,'2017-08-02 22:31:52',NULL),(1050,75,14,1100.00,'2017-08-02 22:31:52',NULL),(1051,76,1,550.00,'2017-08-02 22:32:16',NULL),(1052,76,2,550.00,'2017-08-02 22:32:16',NULL),(1053,76,3,550.00,'2017-08-02 22:32:16',NULL),(1054,76,4,550.00,'2017-08-02 22:32:16',NULL),(1055,76,5,550.00,'2017-08-02 22:32:16',NULL),(1056,76,6,550.00,'2017-08-02 22:32:16',NULL),(1057,76,7,550.00,'2017-08-02 22:32:16',NULL),(1058,76,8,550.00,'2017-08-02 22:32:16',NULL),(1059,76,9,500.00,'2017-08-02 22:32:16',NULL),(1060,76,10,500.00,'2017-08-02 22:32:16',NULL),(1061,76,11,500.00,'2017-08-02 22:32:16',NULL),(1062,76,12,500.00,'2017-08-02 22:32:16',NULL),(1063,76,13,300.00,'2017-08-02 22:32:16',NULL),(1064,76,14,300.00,'2017-08-02 22:32:16',NULL),(1065,77,1,500.00,'2017-08-02 22:32:44',NULL),(1066,77,2,500.00,'2017-08-02 22:32:44',NULL),(1067,77,3,500.00,'2017-08-02 22:32:44',NULL),(1068,77,4,500.00,'2017-08-02 22:32:45',NULL),(1069,77,5,500.00,'2017-08-02 22:32:45',NULL),(1070,77,6,500.00,'2017-08-02 22:32:45',NULL),(1071,77,7,500.00,'2017-08-02 22:32:45',NULL),(1072,77,8,500.00,'2017-08-02 22:32:45',NULL),(1073,77,9,500.00,'2017-08-02 22:32:45',NULL),(1074,77,10,500.00,'2017-08-02 22:32:45',NULL),(1075,77,11,500.00,'2017-08-02 22:32:45',NULL),(1076,77,12,500.00,'2017-08-02 22:32:45',NULL),(1077,77,13,150.00,'2017-08-02 22:32:45',NULL),(1078,77,14,0.00,'2017-08-02 22:32:45',NULL),(1079,78,1,0.00,'2017-08-02 22:33:15',NULL),(1080,78,2,0.00,'2017-08-02 22:33:15',NULL),(1081,78,3,0.00,'2017-08-02 22:33:15',NULL),(1082,78,4,0.00,'2017-08-02 22:33:15',NULL),(1083,78,5,0.00,'2017-08-02 22:33:15',NULL),(1084,78,6,0.00,'2017-08-02 22:33:15',NULL),(1085,78,7,0.00,'2017-08-02 22:33:15',NULL),(1086,78,8,0.00,'2017-08-02 22:33:15',NULL),(1087,78,9,219.00,'2017-08-02 22:33:15',NULL),(1088,78,10,219.00,'2017-08-02 22:33:15',NULL),(1089,78,11,219.00,'2017-08-02 22:33:15',NULL),(1090,78,12,219.00,'2017-08-02 22:33:15',NULL),(1091,78,13,450.00,'2017-08-02 22:33:15',NULL),(1092,78,14,450.00,'2017-08-02 22:33:15',NULL),(1093,79,1,200.00,'2017-08-02 22:33:44',NULL),(1094,79,2,200.00,'2017-08-02 22:33:44',NULL),(1095,79,3,200.00,'2017-08-02 22:33:44',NULL),(1096,79,4,200.00,'2017-08-02 22:33:44',NULL),(1097,79,5,200.00,'2017-08-02 22:33:44',NULL),(1098,79,6,200.00,'2017-08-02 22:33:44',NULL),(1099,79,7,200.00,'2017-08-02 22:33:44',NULL),(1100,79,8,200.00,'2017-08-02 22:33:44',NULL),(1101,79,9,300.00,'2017-08-02 22:33:44',NULL),(1102,79,10,300.00,'2017-08-02 22:33:44',NULL),(1103,79,11,300.00,'2017-08-02 22:33:44',NULL),(1104,79,12,300.00,'2017-08-02 22:33:44',NULL),(1105,79,13,150.00,'2017-08-02 22:33:44',NULL),(1106,79,14,150.00,'2017-08-02 22:33:44',NULL),(1107,80,1,300.00,'2017-08-02 22:34:11',NULL),(1108,80,2,300.00,'2017-08-02 22:34:11',NULL),(1109,80,3,300.00,'2017-08-02 22:34:11',NULL),(1110,80,4,300.00,'2017-08-02 22:34:11',NULL),(1111,80,5,300.00,'2017-08-02 22:34:11',NULL),(1112,80,6,300.00,'2017-08-02 22:34:11',NULL),(1113,80,7,300.00,'2017-08-02 22:34:11',NULL),(1114,80,8,300.00,'2017-08-02 22:34:11',NULL),(1115,80,9,300.00,'2017-08-02 22:34:12',NULL),(1116,80,10,300.00,'2017-08-02 22:34:12',NULL),(1117,80,11,300.00,'2017-08-02 22:34:12',NULL),(1118,80,12,300.00,'2017-08-02 22:34:12',NULL),(1119,80,13,300.00,'2017-08-02 22:34:12',NULL),(1120,80,14,300.00,'2017-08-02 22:34:12',NULL),(1121,81,1,70.00,'2017-08-02 22:34:44',NULL),(1122,81,2,70.00,'2017-08-02 22:34:44',NULL),(1123,81,3,70.00,'2017-08-02 22:34:44',NULL),(1124,81,4,70.00,'2017-08-02 22:34:44',NULL),(1125,81,5,70.00,'2017-08-02 22:34:44',NULL),(1126,81,6,70.00,'2017-08-02 22:34:44',NULL),(1127,81,7,70.00,'2017-08-02 22:34:44',NULL),(1128,81,8,70.00,'2017-08-02 22:34:44',NULL),(1129,81,9,80.00,'2017-08-02 22:34:44',NULL),(1130,81,10,80.00,'2017-08-02 22:34:44',NULL),(1131,81,11,80.00,'2017-08-02 22:34:44',NULL),(1132,81,12,80.00,'2017-08-02 22:34:44',NULL),(1133,81,13,120.00,'2017-08-02 22:34:44',NULL),(1134,81,14,120.00,'2017-08-02 22:34:44',NULL),(1135,82,1,330.00,'2017-08-02 22:35:11',NULL),(1136,82,2,330.00,'2017-08-02 22:35:11',NULL),(1137,82,3,330.00,'2017-08-02 22:35:11',NULL),(1138,82,4,330.00,'2017-08-02 22:35:11',NULL),(1139,82,5,330.00,'2017-08-02 22:35:11',NULL),(1140,82,6,330.00,'2017-08-02 22:35:11',NULL),(1141,82,7,330.00,'2017-08-02 22:35:11',NULL),(1142,82,8,330.00,'2017-08-02 22:35:11',NULL),(1143,82,9,400.00,'2017-08-02 22:35:11',NULL),(1144,82,10,400.00,'2017-08-02 22:35:12',NULL),(1145,82,11,400.00,'2017-08-02 22:35:12',NULL),(1146,82,12,400.00,'2017-08-02 22:35:12',NULL),(1147,82,13,500.00,'2017-08-02 22:35:12',NULL),(1148,82,14,500.00,'2017-08-02 22:35:12',NULL),(1149,83,1,300.00,'2017-08-02 22:35:50',NULL),(1150,83,2,300.00,'2017-08-02 22:35:50',NULL),(1151,83,3,300.00,'2017-08-02 22:35:50',NULL),(1152,83,4,300.00,'2017-08-02 22:35:50',NULL),(1153,83,5,300.00,'2017-08-02 22:35:50',NULL),(1154,83,6,300.00,'2017-08-02 22:35:50',NULL),(1155,83,7,300.00,'2017-08-02 22:35:50',NULL),(1156,83,8,300.00,'2017-08-02 22:35:51',NULL),(1157,83,9,150.00,'2017-08-02 22:35:51',NULL),(1158,83,10,150.00,'2017-08-02 22:35:51',NULL),(1159,83,11,150.00,'2017-08-02 22:35:51',NULL),(1160,83,12,150.00,'2017-08-02 22:35:51',NULL),(1161,83,13,240.00,'2017-08-02 22:35:51',NULL),(1162,83,14,240.00,'2017-08-02 22:35:51',NULL),(1163,84,1,300.00,'2017-08-02 22:36:19',NULL),(1164,84,2,300.00,'2017-08-02 22:36:19',NULL),(1165,84,3,300.00,'2017-08-02 22:36:19',NULL),(1166,84,4,300.00,'2017-08-02 22:36:19',NULL),(1167,84,5,300.00,'2017-08-02 22:36:19',NULL),(1168,84,6,300.00,'2017-08-02 22:36:19',NULL),(1169,84,7,300.00,'2017-08-02 22:36:19',NULL),(1170,84,8,300.00,'2017-08-02 22:36:19',NULL),(1171,84,9,180.00,'2017-08-02 22:36:19',NULL),(1172,84,10,180.00,'2017-08-02 22:36:19',NULL),(1173,84,11,180.00,'2017-08-02 22:36:19',NULL),(1174,84,12,180.00,'2017-08-02 22:36:19',NULL),(1175,84,13,200.00,'2017-08-02 22:36:19',NULL),(1176,84,14,200.00,'2017-08-02 22:36:19',NULL),(1177,85,1,200.00,'2017-08-02 22:36:45',NULL),(1178,85,2,200.00,'2017-08-02 22:36:45',NULL),(1179,85,3,200.00,'2017-08-02 22:36:45',NULL),(1180,85,4,200.00,'2017-08-02 22:36:45',NULL),(1181,85,5,200.00,'2017-08-02 22:36:45',NULL),(1182,85,6,200.00,'2017-08-02 22:36:45',NULL),(1183,85,7,200.00,'2017-08-02 22:36:45',NULL),(1184,85,8,200.00,'2017-08-02 22:36:45',NULL),(1185,85,9,200.00,'2017-08-02 22:36:45',NULL),(1186,85,10,200.00,'2017-08-02 22:36:45',NULL),(1187,85,11,200.00,'2017-08-02 22:36:45',NULL),(1188,85,12,200.00,'2017-08-02 22:36:45',NULL),(1189,85,13,200.00,'2017-08-02 22:36:45',NULL),(1190,85,14,200.00,'2017-08-02 22:36:45',NULL),(1191,86,1,30.00,'2017-08-02 22:37:16',NULL),(1192,86,2,30.00,'2017-08-02 22:37:16',NULL),(1193,86,3,30.00,'2017-08-02 22:37:16',NULL),(1194,86,4,30.00,'2017-08-02 22:37:16',NULL),(1195,86,5,30.00,'2017-08-02 22:37:16',NULL),(1196,86,6,30.00,'2017-08-02 22:37:16',NULL),(1197,86,7,30.00,'2017-08-02 22:37:16',NULL),(1198,86,8,30.00,'2017-08-02 22:37:16',NULL),(1199,86,9,100.00,'2017-08-02 22:37:16',NULL),(1200,86,10,100.00,'2017-08-02 22:37:16',NULL),(1201,86,11,100.00,'2017-08-02 22:37:16',NULL),(1202,86,12,100.00,'2017-08-02 22:37:16',NULL),(1203,86,13,40.00,'2017-08-02 22:37:16',NULL),(1204,86,14,40.00,'2017-08-02 22:37:16',NULL),(1205,87,1,1000.00,'2017-08-02 22:37:49',NULL),(1206,87,2,1000.00,'2017-08-02 22:37:49',NULL),(1207,87,3,1300.00,'2017-08-02 22:37:49',NULL),(1208,87,4,1300.00,'2017-08-02 22:37:49',NULL),(1209,87,5,1300.00,'2017-08-02 22:37:49',NULL),(1210,87,6,1300.00,'2017-08-02 22:37:49',NULL),(1211,87,7,1300.00,'2017-08-02 22:37:49',NULL),(1212,87,8,1300.00,'2017-08-02 22:37:49',NULL),(1213,87,9,1300.00,'2017-08-02 22:37:49',NULL),(1214,87,10,1300.00,'2017-08-02 22:37:49',NULL),(1215,87,11,1300.00,'2017-08-02 22:37:49',NULL),(1216,87,12,1300.00,'2017-08-02 22:37:49',NULL),(1217,87,13,1500.00,'2017-08-02 22:37:49',NULL),(1218,87,14,1500.00,'2017-08-02 22:37:49',NULL),(1219,88,1,0.00,'2017-08-02 22:38:19',NULL),(1220,88,2,0.00,'2017-08-02 22:38:19',NULL),(1221,88,3,0.00,'2017-08-02 22:38:19',NULL),(1222,88,4,0.00,'2017-08-02 22:38:19',NULL),(1223,88,5,0.00,'2017-08-02 22:38:19',NULL),(1224,88,6,0.00,'2017-08-02 22:38:19',NULL),(1225,88,7,0.00,'2017-08-02 22:38:19',NULL),(1226,88,8,0.00,'2017-08-02 22:38:19',NULL),(1227,88,9,300.00,'2017-08-02 22:38:19',NULL),(1228,88,10,300.00,'2017-08-02 22:38:19',NULL),(1229,88,11,300.00,'2017-08-02 22:38:19',NULL),(1230,88,12,300.00,'2017-08-02 22:38:19',NULL),(1231,88,13,0.00,'2017-08-02 22:38:19',NULL),(1232,88,14,0.00,'2017-08-02 22:38:19',NULL),(1233,89,1,0.00,'2017-08-02 22:39:03',NULL),(1234,89,2,0.00,'2017-08-02 22:39:03',NULL),(1235,89,3,0.00,'2017-08-02 22:39:03',NULL),(1236,89,4,0.00,'2017-08-02 22:39:03',NULL),(1237,89,5,0.00,'2017-08-02 22:39:03',NULL),(1238,89,6,0.00,'2017-08-02 22:39:03',NULL),(1239,89,7,0.00,'2017-08-02 22:39:03',NULL),(1240,89,8,0.00,'2017-08-02 22:39:03',NULL),(1241,89,9,151.00,'2017-08-02 22:39:03',NULL),(1242,89,10,151.00,'2017-08-02 22:39:03',NULL),(1243,89,11,151.00,'2017-08-02 22:39:03',NULL),(1244,89,12,151.00,'2017-08-02 22:39:03',NULL),(1245,89,13,250.00,'2017-08-02 22:39:03',NULL),(1246,89,14,250.00,'2017-08-02 22:39:03',NULL),(1247,90,1,0.00,'2017-08-02 22:40:02',NULL),(1248,90,2,0.00,'2017-08-02 22:40:02',NULL),(1249,90,3,0.00,'2017-08-02 22:40:02',NULL),(1250,90,4,0.00,'2017-08-02 22:40:02',NULL),(1251,90,5,0.00,'2017-08-02 22:40:02',NULL),(1252,90,6,0.00,'2017-08-02 22:40:02',NULL),(1253,90,7,0.00,'2017-08-02 22:40:02',NULL),(1254,90,8,0.00,'2017-08-02 22:40:02',NULL),(1255,90,9,0.00,'2017-08-02 22:40:03',NULL),(1256,90,10,0.00,'2017-08-02 22:40:03',NULL),(1257,90,11,0.00,'2017-08-02 22:40:03',NULL),(1258,90,12,0.00,'2017-08-02 22:40:03',NULL),(1259,90,13,0.00,'2017-08-02 22:40:03',NULL),(1260,90,14,0.00,'2017-08-02 22:40:03',NULL);
/*!40000 ALTER TABLE `fee_items` ENABLE KEYS */;
UNLOCK TABLES;

--
-- Table structure for table `fees`
--

DROP TABLE IF EXISTS `fees`;
/*!40101 SET @saved_cs_client     = @@character_set_client */;
/*!40101 SET character_set_client = utf8 */;
CREATE TABLE `fees` (
  `id` int(10) NOT NULL AUTO_INCREMENT,
  `school_year` int(10) DEFAULT NULL,
  `category` varchar(100) DEFAULT NULL,
  `description` varchar(500) DEFAULT NULL,
  `system_log` datetime DEFAULT NULL,
  `update_log` datetime DEFAULT NULL,
  PRIMARY KEY (`id`)
) ENGINE=InnoDB AUTO_INCREMENT=91 DEFAULT CHARSET=latin1;
/*!40101 SET character_set_client = @saved_cs_client */;

--
-- Dumping data for table `fees`
--

LOCK TABLES `fees` WRITE;
/*!40000 ALTER TABLE `fees` DISABLE KEYS */;
INSERT INTO `fees` VALUES (1,5,'Tuition Fees','Tuition Fee','2017-07-20 22:52:16','2017-05-20 22:01:21'),(2,5,'Books','Books','2017-07-20 22:52:08','2017-05-20 22:29:30'),(3,5,'Others','Computer/Internet','2017-07-20 22:52:25','2017-05-20 22:40:04'),(4,5,'Others','Registration Fee','2017-07-20 22:52:35','2017-05-20 22:46:38'),(5,5,'Others','Medical/Dental','2017-07-20 22:52:44','2017-05-20 22:58:22'),(6,5,'Others','Science Lab','2017-07-20 22:52:55','2017-05-20 23:03:10'),(7,5,'Others','Library','2017-07-20 22:53:04','2017-05-20 23:06:20'),(8,5,'Others','ID','2017-07-20 22:53:15','2017-05-20 23:07:34'),(9,5,'Others','Insurance','2017-07-20 22:53:25','2017-05-20 23:12:12'),(10,5,'Others','Test Papers','2017-07-20 22:53:37','2017-05-20 23:23:46'),(11,5,'Others','Athletic Fee','2017-07-20 22:53:51','2017-05-20 23:25:46'),(12,5,'Others','Forms','2017-07-20 22:54:02','2017-05-20 23:27:42'),(13,5,'Others','Handbook','2017-07-20 22:54:16','2017-05-20 23:30:11'),(14,5,'Others','LUPRISA','2017-07-20 22:54:41','2017-05-20 23:31:46'),(15,5,'Others','Energy Fee','2017-07-20 22:54:53','2017-05-20 23:33:57'),(16,5,'Others','Collection / Processing Charges','2017-07-20 22:55:06','2017-05-20 23:35:51'),(17,5,'Others','Hand-Outs/SBO','2017-07-20 22:55:18','2017-05-20 23:37:13'),(18,5,'Others','Aircon Fee','2017-07-20 22:55:31','2017-06-01 23:31:33'),(19,4,'Tuition Fees','Tuition Fee',NULL,'2017-08-02 21:57:04'),(20,4,'Books','Books',NULL,'2017-08-02 21:57:46'),(21,4,'Others','Computer/Internet',NULL,'2017-08-02 21:58:05'),(22,4,'Others','Registration Fee',NULL,'2017-08-02 22:05:01'),(23,4,'Others','Medical/Dental',NULL,'2017-08-02 22:05:30'),(24,4,'Others','Science Lab',NULL,'2017-08-02 22:05:53'),(25,4,'Others','Library',NULL,'2017-08-02 22:06:11'),(26,4,'Others','ID',NULL,'2017-08-02 22:06:26'),(27,4,'Others','Insurance',NULL,'2017-08-02 22:07:15'),(28,4,'Others','Test Papers',NULL,'2017-08-02 22:07:46'),(29,4,'Others','Athletic Fee',NULL,'2017-08-02 22:08:03'),(30,4,'Others','Forms',NULL,'2017-08-02 22:08:29'),(31,4,'Others','Handbook',NULL,'2017-08-02 22:08:49'),(32,4,'Others','LUPRISA',NULL,'2017-08-02 22:09:11'),(33,4,'Others','Energy Fee',NULL,'2017-08-02 22:09:46'),(34,4,'Others','Collection / Processing Charges',NULL,'2017-08-02 22:10:11'),(35,4,'Others','Hand-Outs/SBO',NULL,'2017-08-02 22:10:32'),(36,4,'Others','Aircon Fee',NULL,'2017-08-02 22:10:58'),(37,3,'Tuition Fees','Tuition Fee',NULL,'2017-08-02 22:12:28'),(38,3,'Books','Books',NULL,'2017-08-02 22:12:54'),(39,3,'Others','Computer/Internet',NULL,'2017-08-02 22:13:15'),(40,3,'Others','Registration Fee',NULL,'2017-08-02 22:13:35'),(41,3,'Others','Medical/Dental',NULL,'2017-08-02 22:13:53'),(42,3,'Others','Science Lab',NULL,'2017-08-02 22:14:14'),(43,3,'Others','Library',NULL,'2017-08-02 22:14:36'),(44,3,'Others','ID',NULL,'2017-08-02 22:15:23'),(45,3,'Others','Insurance',NULL,'2017-08-02 22:15:45'),(46,3,'Others','Test Papers',NULL,'2017-08-02 22:16:11'),(47,3,'Others','Athletic Fee',NULL,'2017-08-02 22:16:39'),(48,3,'Others','Forms',NULL,'2017-08-02 22:17:03'),(49,3,'Others','Handbook',NULL,'2017-08-02 22:17:31'),(50,3,'Others','LUPRISA',NULL,'2017-08-02 22:18:23'),(51,3,'Others','Energy Fee',NULL,'2017-08-02 22:18:48'),(52,3,'Others','Collection / Processing Charges',NULL,'2017-08-02 22:19:15'),(53,3,'Others','Hand-Outs/SBO',NULL,'2017-08-02 22:19:41'),(54,3,'Others','Aircon Fee',NULL,'2017-08-02 22:20:10'),(55,2,'Tuition Fees','Tuition Fee',NULL,'2017-08-02 22:22:23'),(56,2,'Books','Books',NULL,'2017-08-02 22:22:42'),(57,2,'Others','Computer/Internet',NULL,'2017-08-02 22:23:02'),(58,2,'Others','Registration Fee',NULL,'2017-08-02 22:23:22'),(59,2,'Others','Medical/Dental',NULL,'2017-08-02 22:23:48'),(60,2,'Others','Science Lab',NULL,'2017-08-02 22:24:21'),(61,2,'Others','Library',NULL,'2017-08-02 22:24:41'),(62,2,'Others','ID',NULL,'2017-08-02 22:25:06'),(63,2,'Others','Insurance',NULL,'2017-08-02 22:25:31'),(64,2,'Others','Test Papers',NULL,'2017-08-02 22:25:56'),(65,2,'Others','Athletic Fee',NULL,'2017-08-02 22:26:22'),(66,2,'Others','Forms',NULL,'2017-08-02 22:26:46'),(67,2,'Others','Handbook',NULL,'2017-08-02 22:27:14'),(68,2,'Others','LUPRISA',NULL,'2017-08-02 22:27:47'),(69,2,'Others','Energy Fee',NULL,'2017-08-02 22:28:21'),(70,2,'Others','Collection / Processing Charges',NULL,'2017-08-02 22:28:51'),(71,2,'Others','Hand-Outs/SBO',NULL,'2017-08-02 22:30:16'),(72,2,'Others','Aircon Fee',NULL,'2017-08-02 22:30:35'),(73,1,'Tuition Fees','Tuition Fee',NULL,'2017-08-02 22:31:07'),(74,1,'Books','Books',NULL,'2017-08-02 22:31:26'),(75,1,'Others','Computer/Internet',NULL,'2017-08-02 22:31:51'),(76,1,'Others','Registration Fee',NULL,'2017-08-02 22:32:16'),(77,1,'Others','Medical/Dental',NULL,'2017-08-02 22:32:44'),(78,1,'Others','Science Lab',NULL,'2017-08-02 22:33:15'),(79,1,'Others','Library',NULL,'2017-08-02 22:33:44'),(80,1,'Others','ID',NULL,'2017-08-02 22:34:11'),(81,1,'Others','Insurance',NULL,'2017-08-02 22:34:44'),(82,1,'Others','Test Papers',NULL,'2017-08-02 22:35:11'),(83,1,'Others','Athletic Fee',NULL,'2017-08-02 22:35:50'),(84,1,'Others','Forms',NULL,'2017-08-02 22:36:18'),(85,1,'Others','Handbook',NULL,'2017-08-02 22:36:45'),(86,1,'Others','LUPRISA',NULL,'2017-08-02 22:37:16'),(87,1,'Others','Energy Fee',NULL,'2017-08-02 22:37:49'),(88,1,'Others','Collection / Processing Charges',NULL,'2017-08-02 22:38:19'),(89,1,'Others','Hand-Outs/SBO',NULL,'2017-08-02 22:39:03'),(90,1,'Others','Aircon Fee',NULL,'2017-08-02 22:40:02');
/*!40000 ALTER TABLE `fees` ENABLE KEYS */;
UNLOCK TABLES;

--
-- Table structure for table `grade_levels`
--

DROP TABLE IF EXISTS `grade_levels`;
/*!40101 SET @saved_cs_client     = @@character_set_client */;
/*!40101 SET character_set_client = utf8 */;
CREATE TABLE `grade_levels` (
  `id` int(10) NOT NULL AUTO_INCREMENT,
  `description` varchar(100) DEFAULT NULL,
  `system_log` datetime DEFAULT NULL,
  `update_log` datetime DEFAULT NULL,
  PRIMARY KEY (`id`)
) ENGINE=InnoDB AUTO_INCREMENT=15 DEFAULT CHARSET=latin1;
/*!40101 SET character_set_client = @saved_cs_client */;

--
-- Dumping data for table `grade_levels`
--

LOCK TABLES `grade_levels` WRITE;
/*!40000 ALTER TABLE `grade_levels` DISABLE KEYS */;
INSERT INTO `grade_levels` VALUES (1,'Nursery','2017-05-15 22:09:52',NULL),(2,'Kindergarten','2017-05-15 22:09:52',NULL),(3,'Grade 1','2017-05-15 22:10:11',NULL),(4,'Grade 2','2017-05-15 22:10:11',NULL),(5,'Grade 3','2017-05-15 22:10:22',NULL),(6,'Grade 4','2017-05-15 22:10:22',NULL),(7,'Grade 5','2017-05-15 22:10:33',NULL),(8,'Grade 6','2017-05-15 22:10:33',NULL),(9,'Grade 7','2017-05-15 22:10:47',NULL),(10,'Grade 8','2017-05-15 22:10:47',NULL),(11,'Grade 9','2017-05-15 22:11:01',NULL),(12,'Grade 10','2017-05-15 22:11:01',NULL),(13,'Grade 11','2017-05-15 22:11:11',NULL),(14,'Grade 12','2017-05-15 22:11:11',NULL);
/*!40000 ALTER TABLE `grade_levels` ENABLE KEYS */;
UNLOCK TABLES;

--
-- Table structure for table `parents_guardians`
--

DROP TABLE IF EXISTS `parents_guardians`;
/*!40101 SET @saved_cs_client     = @@character_set_client */;
/*!40101 SET character_set_client = utf8 */;
CREATE TABLE `parents_guardians` (
  `id` int(10) NOT NULL AUTO_INCREMENT,
  `student_id` int(10) DEFAULT NULL,
  `relationship` varchar(50) DEFAULT NULL,
  `full_name` varchar(500) DEFAULT NULL,
  `guardian_relationship` varchar(100) DEFAULT NULL,
  `last_name` varchar(100) DEFAULT NULL,
  `first_name` varchar(100) DEFAULT NULL,
  `middle_name` varchar(100) DEFAULT NULL,
  `ext_name` varchar(50) DEFAULT NULL,
  `maiden_name` varchar(100) DEFAULT NULL,
  `occupation` varchar(100) DEFAULT NULL,
  `monthly_income` float(10,2) DEFAULT NULL,
  `contact_no` varchar(20) DEFAULT NULL,
  `old_table_pk` int(10) DEFAULT NULL,
  `system_log` datetime DEFAULT NULL,
  `update_log` datetime DEFAULT NULL,
  PRIMARY KEY (`id`),
  KEY `student_id` (`student_id`),
  CONSTRAINT `parents_guardians_ibfk_1` FOREIGN KEY (`student_id`) REFERENCES `students` (`id`) ON DELETE CASCADE ON UPDATE NO ACTION
) ENGINE=InnoDB DEFAULT CHARSET=latin1;
/*!40101 SET character_set_client = @saved_cs_client */;

--
-- Dumping data for table `parents_guardians`
--

LOCK TABLES `parents_guardians` WRITE;
/*!40000 ALTER TABLE `parents_guardians` DISABLE KEYS */;
/*!40000 ALTER TABLE `parents_guardians` ENABLE KEYS */;
UNLOCK TABLES;

--
-- Table structure for table `payments`
--

DROP TABLE IF EXISTS `payments`;
/*!40101 SET @saved_cs_client     = @@character_set_client */;
/*!40101 SET character_set_client = utf8 */;
CREATE TABLE `payments` (
  `id` int(10) NOT NULL AUTO_INCREMENT,
  `enrollment_id` int(10) DEFAULT NULL,
  `description` varchar(50) NOT NULL DEFAULT 'Monthly',
  `payment_month` varchar(20) DEFAULT NULL,
  `amount` float(10,2) DEFAULT NULL,
  `official_receipt` varchar(50) DEFAULT NULL,
  `payment_date` date DEFAULT NULL,
  `old_table_pk` int(10) DEFAULT NULL,
  `system_log` datetime DEFAULT NULL,
  `update_log` datetime DEFAULT NULL,
  PRIMARY KEY (`id`),
  KEY `enrollment_id` (`enrollment_id`),
  CONSTRAINT `payments_ibfk_1` FOREIGN KEY (`enrollment_id`) REFERENCES `enrollments` (`id`) ON DELETE CASCADE ON UPDATE NO ACTION
) ENGINE=InnoDB DEFAULT CHARSET=latin1;
/*!40101 SET character_set_client = @saved_cs_client */;

--
-- Dumping data for table `payments`
--

LOCK TABLES `payments` WRITE;
/*!40000 ALTER TABLE `payments` DISABLE KEYS */;
/*!40000 ALTER TABLE `payments` ENABLE KEYS */;
UNLOCK TABLES;

--
-- Table structure for table `school_years`
--

DROP TABLE IF EXISTS `school_years`;
/*!40101 SET @saved_cs_client     = @@character_set_client */;
/*!40101 SET character_set_client = utf8 */;
CREATE TABLE `school_years` (
  `id` int(10) NOT NULL AUTO_INCREMENT,
  `school_year` varchar(7) DEFAULT NULL,
  `system_log` datetime DEFAULT NULL,
  PRIMARY KEY (`id`)
) ENGINE=InnoDB AUTO_INCREMENT=6 DEFAULT CHARSET=latin1;
/*!40101 SET character_set_client = @saved_cs_client */;

--
-- Dumping data for table `school_years`
--

LOCK TABLES `school_years` WRITE;
/*!40000 ALTER TABLE `school_years` DISABLE KEYS */;
INSERT INTO `school_years` VALUES (1,'2013-14','2017-05-20 12:51:00'),(2,'2014-15','2017-06-23 00:00:00'),(3,'2015-16','2017-06-23 00:00:00'),(4,'2016-17','2017-06-23 00:00:00'),(5,'2017-18','2017-06-23 00:00:00');
/*!40000 ALTER TABLE `school_years` ENABLE KEYS */;
UNLOCK TABLES;

--
-- Table structure for table `sections`
--

DROP TABLE IF EXISTS `sections`;
/*!40101 SET @saved_cs_client     = @@character_set_client */;
/*!40101 SET character_set_client = utf8 */;
CREATE TABLE `sections` (
  `id` int(10) NOT NULL AUTO_INCREMENT,
  `level_id` int(10) DEFAULT NULL,
  `description` varchar(100) DEFAULT NULL,
  `system_log` datetime DEFAULT NULL,
  `update_log` datetime DEFAULT NULL,
  PRIMARY KEY (`id`),
  KEY `level_id` (`level_id`),
  CONSTRAINT `sections_ibfk_1` FOREIGN KEY (`level_id`) REFERENCES `grade_levels` (`id`) ON DELETE CASCADE ON UPDATE NO ACTION
) ENGINE=InnoDB AUTO_INCREMENT=14 DEFAULT CHARSET=latin1;
/*!40101 SET character_set_client = @saved_cs_client */;

--
-- Dumping data for table `sections`
--

LOCK TABLES `sections` WRITE;
/*!40000 ALTER TABLE `sections` DISABLE KEYS */;
INSERT INTO `sections` VALUES (1,1,'Alpha','2017-06-25 00:00:00',NULL),(2,2,'Omega','2017-06-25 00:00:00',NULL),(3,3,'Faith','2017-06-25 00:00:00',NULL),(4,4,'Love','2017-06-25 00:00:00',NULL),(5,5,'Joy','2017-06-25 00:00:00',NULL),(6,6,'Peace','2017-06-25 00:00:00',NULL),(7,7,'Hope','2017-06-25 00:00:00',NULL),(8,8,'Charity','2017-06-25 00:00:00',NULL),(9,9,'St. Matthew','2017-06-25 00:00:00',NULL),(10,10,'St. Mark','2017-06-25 00:00:00',NULL),(11,11,'St. Luke','2017-06-25 00:00:00',NULL),(12,12,'St. John','2017-06-25 00:00:00',NULL),(13,13,'St. Peter','2017-06-25 00:00:00',NULL);
/*!40000 ALTER TABLE `sections` ENABLE KEYS */;
UNLOCK TABLES;

--
-- Table structure for table `staffs`
--

DROP TABLE IF EXISTS `staffs`;
/*!40101 SET @saved_cs_client     = @@character_set_client */;
/*!40101 SET character_set_client = utf8 */;
CREATE TABLE `staffs` (
  `id` int(11) NOT NULL AUTO_INCREMENT,
  `school_id` varchar(20) DEFAULT NULL,
  `firstname` varchar(50) DEFAULT NULL,
  `middlename` varchar(50) DEFAULT NULL,
  `lastname` varchar(50) DEFAULT NULL,
  `nickname` varchar(50) DEFAULT NULL,
  `gender` varchar(6) DEFAULT NULL,
  `birthday` date DEFAULT NULL,
  `civil_status` varchar(50) DEFAULT NULL,
  `address` varchar(1000) DEFAULT NULL,
  `contact` varchar(20) DEFAULT NULL,
  `email` varchar(100) DEFAULT NULL,
  `basic_pay` float(10,2) NOT NULL DEFAULT '0.00',
  `cola` float(10,2) NOT NULL DEFAULT '0.00',
  `gross_pay` float(10,2) NOT NULL DEFAULT '0.00',
  `sss` varchar(20) DEFAULT NULL,
  `hdmf` varchar(20) DEFAULT NULL,
  `phic` varchar(20) DEFAULT NULL,
  `tin` varchar(20) DEFAULT NULL,
  `st` varchar(20) DEFAULT NULL,
  `sss_amount` float(10,2) NOT NULL DEFAULT '0.00',
  `hdmf_amount` float(10,2) NOT NULL DEFAULT '0.00',
  `phic_amount` float(10,2) NOT NULL DEFAULT '0.00',
  `tax_amount` float(10,2) NOT NULL DEFAULT '0.00',
  `position` varchar(100) DEFAULT NULL,
  `employment_status` varchar(100) DEFAULT NULL,
  `username` varchar(20) DEFAULT NULL,
  `password` varchar(100) DEFAULT NULL,
  `staff_account_group` int(10) DEFAULT NULL,
  `is_built_in` tinyint(4) DEFAULT '0',
  `system_log` datetime DEFAULT NULL,
  `update_log` datetime DEFAULT NULL,
  PRIMARY KEY (`id`)
) ENGINE=InnoDB AUTO_INCREMENT=42 DEFAULT CHARSET=latin1;
/*!40101 SET character_set_client = @saved_cs_client */;

--
-- Dumping data for table `staffs`
--

LOCK TABLES `staffs` WRITE;
/*!40000 ALTER TABLE `staffs` DISABLE KEYS */;
INSERT INTO `staffs` VALUES (1,NULL,'Sylvester','Bulilan','Flores','Sly',NULL,'0000-00-00',NULL,NULL,NULL,NULL,0.00,0.00,0.00,NULL,NULL,NULL,NULL,'',0.00,0.00,0.00,0.00,NULL,NULL,'sly','legend',NULL,1,'2017-04-16 17:38:06',NULL),(2,'3001','Chastine Ann','Alminiana','Acosta',NULL,'Female','2017-05-11','2','Sitio Paratong, Poblacion, Bacnotan, La Union ','09194800684','yashine_ann05@yahoo.com',7000.00,0.00,7000.00,'0121964821','','050502034364','423-184-527','',233.30,100.00,87.50,0.00,'','EOC',NULL,NULL,NULL,0,'2017-05-08 22:08:01',NULL),(3,'10105','Aladin','Romero','Almirol',NULL,NULL,'0000-00-00',NULL,'Burayoc, Bacnotan, La Union','09289073685','aladin.almirol@yahoo.com',13000.00,0.00,13000.00,'0117039595','','050251246537','939-202-905','',400.00,100.00,87.50,990.83,'','',NULL,NULL,NULL,0,'2017-05-08 22:08:01',NULL),(4,'3002','Maribel ','Cariaso','Almoite',NULL,NULL,'0000-00-00',NULL,'Pang-Pang, Bacnotan, La Union','09129793286','delfinado.bel@yahoo.com',7500.00,0.00,7500.00,'0120911998','0','050501788594','407-383-646','',250.00,100.00,50.00,106.25,'','',NULL,NULL,NULL,0,'2017-05-08 22:08:01',NULL),(5,'3003','Harvey','Rulloda','Asis',NULL,NULL,'0000-00-00',NULL,'Paraoir, Balaoan, La Union','09123414194','asisharvey@yahoo.com',7000.00,0.00,7000.00,'012105471','912304040116','050253278606','428-498-161','',233.30,100.00,87.50,107.92,'','',NULL,NULL,NULL,0,'2017-05-08 22:08:01',NULL),(6,'3004','Arnel','Aromin','Calado',NULL,NULL,'0000-00-00',NULL,'Poblacion, Bacnotan, La Union','09399152464','calado.arnel@yahoo.com',7500.00,0.00,7500.00,'0118398510','','050501886561','255-053-248','',250.00,100.00,87.50,56.25,'','',NULL,NULL,NULL,0,'2017-05-08 22:08:01',NULL),(7,'3005','Harry','Sagudang','Dagdag',NULL,NULL,'0000-00-00',NULL,'Salcedo, Luna, La Union','09193656497','josh_ferrero_king22@yahoo.com',7800.00,0.00,7800.00,'0121964782','','050502034372','423-182-998','',250.00,100.00,87.50,124.58,'','',NULL,NULL,NULL,0,'2017-05-08 22:08:01',NULL),(8,'10118','Manuel','Suyat','Domondon',NULL,NULL,'0000-00-00',NULL,'Paratong, Poblacion, Bacnotan, LU','09092870051','many_kaulitz89@yahoo.co',7500.00,0.00,7500.00,'0113321391','','050501661713','294-926-201','',250.00,100.00,87.50,106.25,'','',NULL,NULL,NULL,0,'2017-05-08 22:08:01',NULL),(9,'10104','Fernan','Calip','Flores',NULL,NULL,'0000-00-00',NULL,'Urbiztondo, San Juan, La Union','09204752739','fernanflores30@yahoo.com',8500.00,0.00,8500.00,'0116582470','128001165648','050501282089','933-125-580','',283.30,100.00,87.50,0.00,'','',NULL,NULL,NULL,0,'2017-05-08 22:08:01',NULL),(10,'10117','Joel','Mapaet','Ganotisi',NULL,NULL,'0000-00-00',NULL,'Ilocano Sur, San Fernando City, La Union','09199446532','jr.ganotisi@yahoo.com',7800.00,0.00,7800.00,'0117538520','128000712079','050500978411','939-203-260','',266.70,100.00,87.50,134.58,'','',NULL,NULL,NULL,0,'2017-05-08 22:08:01',NULL),(11,'10108','Jennyfer','Almoite','Macadenden',NULL,NULL,'0000-00-00',NULL,'Cabarsican, Bacnotan, La Union','09129130131','jennyferalmoite@yahoo.com',7500.00,0.00,7500.00,'0118327853','','050252163821','261-730-490','',250.00,100.00,87.50,156.25,'','',NULL,NULL,NULL,0,'2017-05-08 22:08:01',NULL),(12,'10109','Jen Jen ','Gaudia','Obra',NULL,NULL,'0000-00-00',NULL,'Tammocalao, Bacnotan, La Union','09105777553','jeangeance@yahoo.com',7000.00,0.00,7000.00,'0121909336','912142048799','050253273442','','',233.30,100.00,87.50,57.92,'','',NULL,NULL,NULL,0,'2017-05-08 22:08:01',NULL),(13,'10115','Almajoy','Sagun','Panit',NULL,NULL,'0000-00-00',NULL,'San Martin, Bacnotan, La Union','09107201582','almajoypanit@yahoo.com',7500.00,0.00,7500.00,'0118041003','','040500849195','261-198-980','',250.00,100.00,87.50,0.00,'','',NULL,NULL,NULL,0,'2017-05-08 22:08:01',NULL),(14,'10107','Darren','Depdepen','Peralta',NULL,NULL,'0000-00-00',NULL,'Duplas, Sudipen, La Union','09279098353','darrenperalta77@yahoo.com',8000.00,0.00,8000.00,'0121047874','','050501798743','409-200-099','',266.70,100.00,87.50,154.58,'','',NULL,NULL,NULL,0,'2017-05-08 22:08:01',NULL),(15,'3006','Jowel ','Daigan','Ramos',NULL,NULL,'0000-00-00',NULL,'Bangar, La Union','09097281232','jowel_ramos10@yahoo.com',7500.00,0.00,0.00,'0121355155','010169561903','050501577976','422-099-195','',250.00,100.00,87.50,76.25,'','',NULL,NULL,NULL,0,'2017-05-08 22:08:01',NULL),(16,'10113','Arnold','Flora','San Miguel',NULL,NULL,'0000-00-00',NULL,'San Pablo, Balaoan, La Union','09278656234','arnoldsanmiguel22@yahoo.com',8000.00,0.00,8000.00,'0121018395','','050501798778','408-856-514','',266.70,100.00,87.50,154.58,'','',NULL,NULL,NULL,0,'2017-05-08 22:08:01',NULL),(17,'3007','Joey ','Fontanilla','Valdriz',NULL,NULL,'0000-00-00',NULL,'Casilogan, San Juan, La Union','09098466585','jv.bel.homme@gmail.com',8500.00,500.00,9000.00,'0119488157','010166169002','050252739642','409-236-573','',283.30,100.00,87.50,202.92,'','',NULL,NULL,NULL,0,'2017-05-08 22:08:01',NULL),(18,'3008','Riza','Valmores','Sibayan',NULL,NULL,'0000-00-00',NULL,'Lisqueb, Bacnotan, La Union','09468890576','rhyegu_13@yahoo.com',8800.00,0.00,8800.00,'0119373877','010162190803','050252075620','278-421-492','',300.00,100.00,87.50,410.21,'','',NULL,NULL,NULL,0,'2017-05-08 22:08:02',NULL),(19,'10114','Divine Grace','Depdepen','Peralta',NULL,NULL,'0000-00-00',NULL,'Duplas, Sudipen, La Union','09103733166','',0.00,0.00,0.00,'0122801899','121118190101','050502350800','454-456-954','',0.00,0.00,0.00,0.00,'','Regular',NULL,NULL,NULL,0,'2017-05-08 22:08:02',NULL),(20,'10112','Kryssa','Suniega','Ominga',NULL,NULL,'0000-00-00',NULL,'Guinabang, Bacnotan, La Union','09109754939','',0.00,0.00,0.00,'01-2477468-1','1211-3511-0644','05-025505-1315','468-410-773','',0.00,0.00,0.00,0.00,'','',NULL,NULL,NULL,0,'2017-05-08 22:08:02',NULL),(21,'10110','Aurora','Avecilla','Murao',NULL,NULL,'0000-00-00',NULL,'Sitio Paratong Poblacion, Bacnotan, La Union','09298115818','',0.00,0.00,0.00,'0115813137','','05025364963','467429315','',0.00,0.00,0.00,0.00,'','',NULL,NULL,NULL,0,'2017-05-08 22:08:02',NULL),(22,'0','Jane','Ordoo','Conde',NULL,NULL,'0000-00-00',NULL,'Sengngat, Sudipen, La Union','09309769141','',0.00,0.00,0.00,'0122589645','913749072006','050502231712','436-620-948','',0.00,0.00,0.00,0.00,'','',NULL,NULL,NULL,0,'2017-05-08 22:08:02',NULL),(23,'10119','Jessa Lyn','Brutas','Andidew',NULL,NULL,'0000-00-00',NULL,'Naguituban, San Juan, La Union','09465025029','',0.00,0.00,0.00,'0124793808','915125566485','050255176479','','',0.00,0.00,0.00,0.00,'','',NULL,NULL,NULL,0,'2017-05-08 22:08:02',NULL),(24,'10111','Jenny Lyn','Gaudia','Gaudia',NULL,NULL,'0000-00-00',NULL,'85 Tamocalao, Bacnotan, La Union','09773480879','',0.00,0.00,0.00,'0124654769','121142920054','','','',0.00,0.00,0.00,0.00,'','',NULL,NULL,NULL,0,'2017-05-08 22:08:02',NULL),(25,'10116','Xyryl ','Camero','Dacanay',NULL,NULL,'0000-00-00',NULL,'Umingan, Pangasinan','09105572742','',0.00,0.00,0.00,'0124475809','121143860142','','468-875-830','',0.00,0.00,0.00,0.00,'','',NULL,NULL,NULL,0,'2017-05-08 22:08:02',NULL),(26,'10122','Eleanor','Rivera','Cardinez',NULL,NULL,'0000-00-00',NULL,'593 Sitio Paratong, Poblacion, Bacnotan, La Union','09198535901','',0.00,0.00,0.00,'01-1021517-0','','19-090241228-3','184-546-476','',0.00,0.00,0.00,0.00,'','',NULL,NULL,NULL,0,'2017-05-08 22:08:02',NULL),(27,'10106','Clar Reneith','Militar','Balimbin','Clar','Male',NULL,NULL,'Sitio Paratong, Poblacion, Bacnotan, La Union','09109099925','clar1231231@gmail.com',7000.00,1000.00,8000.00,'0726861879','121011212365','110505240189','414-528-437','',254.30,100.00,100.00,0.00,'Registrar','Contractual','clar','clar',NULL,0,'2017-05-08 22:08:02','2017-05-28 23:27:12'),(28,'10121','Wilbert','Rapin','Fabros',NULL,NULL,'0000-00-00',NULL,'Paratong, Bacnotan, La Union','09074358094','',0.00,0.00,0.00,'0112175292','010102015801','190902417013','930-903-722','',0.00,0.00,0.00,0.00,'','',NULL,NULL,NULL,0,'2017-05-08 22:08:02',NULL),(29,'10101','Normita','Quimpo','Tria',NULL,NULL,'0000-00-00',NULL,'Conleaf Compound, Bacnotan, La Union','6074007','normita.tria@yahoo.com',0.00,0.00,0.00,'','','','','',0.00,0.00,0.00,0.00,'','',NULL,NULL,NULL,0,'2017-05-08 22:08:02',NULL),(30,'10102','Jonabel','Aguilar','Tria',NULL,NULL,'0000-00-00',NULL,'Sitio Paratong, Poblacion, Bacnotan, La Union','09088650702','jonabel.tria@yahoo.com',0.00,0.00,0.00,'','','','','',0.00,0.00,0.00,0.00,'','',NULL,NULL,NULL,0,'2017-05-08 22:08:02',NULL),(31,'10120','Paul','Ramos','Rodriguez',NULL,NULL,'0000-00-00',NULL,'Paratong, Poblacion, Bacnotan, La Union','09994073940','',0.00,0.00,0.00,'0110598680','010151477603','050500407538','270-100-310','',0.00,0.00,0.00,0.00,'','',NULL,NULL,NULL,0,'2017-05-08 22:08:02',NULL),(32,'10103','Frederick ','Quimpo','Tria',NULL,NULL,'0000-00-00',NULL,'Sitio Paratong, Poblacion, Bacnotan, La Union','09209097818','erick3ya@gmail.com',0.00,0.00,0.00,'0109194189','010138545305','050500407570','911-735-292','',0.00,0.00,0.00,0.00,'','',NULL,NULL,NULL,0,'2017-05-08 22:08:02',NULL),(33,'10124','Dexter ','F','Tagumpay',NULL,NULL,'0000-00-00',NULL,'Poblacion, Bacnotan, La Union','09393649003','',2000.00,0.00,2000.00,'01-1581328-9','','19-090242238-6','406325550','',0.00,0.00,0.00,0.00,'Maintenance Personnel','Contractual',NULL,NULL,NULL,0,'2017-05-08 22:08:02',NULL),(34,'10123','Marjorie','Pasamonte','Gallebo',NULL,NULL,'0000-00-00',NULL,'San Juan, La Union','-','',7000.00,0.00,7000.00,'','915321318884','050502765687	','438-810-361','',0.00,0.00,0.00,0.00,'','Regular',NULL,NULL,NULL,0,'2017-05-08 22:08:02',NULL),(35,'10129','Richelle','Idigpio','Nieva',NULL,NULL,'0000-00-00',NULL,'Paagan, Bacnotan, La Union','09102858111','',7000.00,0.00,7000.00,'','','','','',254.30,1000.00,100.00,0.00,'Teacher Librarian','Contractual',NULL,NULL,NULL,0,'2017-05-08 22:08:02',NULL),(36,'10127','Rizaldo','Agtarap','Valdez',NULL,NULL,'0000-00-00',NULL,'Butubut, Balaoan, La Union','09282532885','',7500.00,500.00,8000.00,'0118883533','01016169711','050251189029','262-235-078','',272.50,100.00,100.00,0.00,'Teacher','Contractual',NULL,NULL,NULL,0,'2017-05-08 22:08:02',NULL),(37,'10126','Mariane Joy','Cabrera','Neri',NULL,NULL,'0000-00-00',NULL,'517 Sitio Paratong, Poblacion\nBacnotan','09468395604','marianejoyneri@yahoo.com',7000.00,0.00,7000.00,'0125482150','121170410631','050502853187','484-542-263','',254.30,100.00,100.00,0.00,'Teacher','Contractual',NULL,NULL,NULL,0,'2017-05-08 22:08:02',NULL),(38,'10128','Myla','Carrera','Valdez',NULL,NULL,'0000-00-00',NULL,'Bulala, Bacnotan, La Union','09097233140','myel148491@gmail.com',7000.00,0.00,7000.00,'0119137550','121005700459','01057745720','273-815-855','',254.30,100.00,100.00,0.00,'Teacher','Contractual',NULL,NULL,NULL,0,'2017-05-08 22:08:02',NULL),(39,'10125','Gracelyn','Macinas','Logenio',NULL,NULL,'0000-00-00',NULL,'Cabaroan, Bacnotan, La Union','09099281651','gracelyn_logenio@yahoo.com',7000.00,0.00,7000.00,'0125669931','121167335507','050502850927','453-343-171','',254.30,100.00,100.00,0.00,'Teacher','Contractual',NULL,NULL,NULL,0,'2017-05-08 22:08:02',NULL);
/*!40000 ALTER TABLE `staffs` ENABLE KEYS */;
UNLOCK TABLES;

--
-- Table structure for table `students`
--

DROP TABLE IF EXISTS `students`;
/*!40101 SET @saved_cs_client     = @@character_set_client */;
/*!40101 SET character_set_client = utf8 */;
CREATE TABLE `students` (
  `id` int(10) NOT NULL AUTO_INCREMENT,
  `lrn` varchar(50) DEFAULT NULL,
  `lastname` varchar(100) DEFAULT NULL,
  `firstname` varchar(100) DEFAULT NULL,
  `middlename` varchar(100) DEFAULT NULL,
  `date_of_birth` date DEFAULT NULL,
  `place_of_birth` varchar(100) DEFAULT NULL,
  `gender` varchar(6) DEFAULT NULL,
  `home_address` varchar(1000) DEFAULT NULL,
  `contact_no` varchar(50) DEFAULT NULL,
  `email_address` varchar(100) DEFAULT NULL,
  `student_status` varchar(100) DEFAULT NULL,
  `old_school_type` varchar(50) DEFAULT NULL,
  `old_school_name` varchar(500) DEFAULT NULL,
  `indigenous` varchar(10) DEFAULT NULL,
  `mother_tongue` varchar(100) DEFAULT NULL,
  `religion` varchar(500) DEFAULT NULL,
  `ethnicity` varchar(100) DEFAULT NULL,
  `dialect` varchar(500) DEFAULT NULL,
  `siblings_no` int(10) DEFAULT NULL,
  `gp4ps` tinyint(4) NOT NULL DEFAULT '0',
  `gpips` tinyint(4) NOT NULL DEFAULT '0',
  `ecd` tinyint(4) NOT NULL DEFAULT '0',
  `pwd` tinyint(4) NOT NULL DEFAULT '0',
  `pwd_detail` varchar(500) DEFAULT NULL,
  `old_table_pk` int(10) DEFAULT NULL,
  `system_log` datetime DEFAULT NULL,
  `update_log` datetime DEFAULT NULL,
  PRIMARY KEY (`id`)
) ENGINE=InnoDB DEFAULT CHARSET=latin1;
/*!40101 SET character_set_client = @saved_cs_client */;

--
-- Dumping data for table `students`
--

LOCK TABLES `students` WRITE;
/*!40000 ALTER TABLE `students` DISABLE KEYS */;
/*!40000 ALTER TABLE `students` ENABLE KEYS */;
UNLOCK TABLES;

--
-- Table structure for table `students_discounts`
--

DROP TABLE IF EXISTS `students_discounts`;
/*!40101 SET @saved_cs_client     = @@character_set_client */;
/*!40101 SET character_set_client = utf8 */;
CREATE TABLE `students_discounts` (
  `id` int(10) NOT NULL AUTO_INCREMENT,
  `enrollment_id` int(10) DEFAULT NULL,
  `amount` float(10,2) DEFAULT NULL,
  `old_table_pk` int(10) DEFAULT NULL,
  `system_log` datetime DEFAULT NULL,
  `update_log` datetime DEFAULT NULL,
  PRIMARY KEY (`id`),
  KEY `enrollment_id` (`enrollment_id`),
  CONSTRAINT `students_discounts_ibfk_1` FOREIGN KEY (`enrollment_id`) REFERENCES `enrollments` (`id`) ON DELETE CASCADE ON UPDATE NO ACTION
) ENGINE=InnoDB DEFAULT CHARSET=latin1;
/*!40101 SET character_set_client = @saved_cs_client */;

--
-- Dumping data for table `students_discounts`
--

LOCK TABLES `students_discounts` WRITE;
/*!40000 ALTER TABLE `students_discounts` DISABLE KEYS */;
/*!40000 ALTER TABLE `students_discounts` ENABLE KEYS */;
UNLOCK TABLES;

--
-- Table structure for table `students_fees`
--

DROP TABLE IF EXISTS `students_fees`;
/*!40101 SET @saved_cs_client     = @@character_set_client */;
/*!40101 SET character_set_client = utf8 */;
CREATE TABLE `students_fees` (
  `id` int(11) NOT NULL AUTO_INCREMENT,
  `enrollment_id` int(10) DEFAULT NULL,
  `fee_item_id` int(10) DEFAULT NULL,
  `amount` float(10,2) DEFAULT NULL,
  `old_table_pk` int(10) DEFAULT NULL,
  `system_log` datetime DEFAULT NULL,
  `update_log` datetime DEFAULT NULL,
  PRIMARY KEY (`id`),
  KEY `fee_item_id` (`fee_item_id`),
  KEY `enrollment_id` (`enrollment_id`),
  CONSTRAINT `students_fees_ibfk_1` FOREIGN KEY (`enrollment_id`) REFERENCES `enrollments` (`id`) ON DELETE CASCADE ON UPDATE NO ACTION
) ENGINE=InnoDB DEFAULT CHARSET=latin1;
/*!40101 SET character_set_client = @saved_cs_client */;

--
-- Dumping data for table `students_fees`
--

LOCK TABLES `students_fees` WRITE;
/*!40000 ALTER TABLE `students_fees` DISABLE KEYS */;
/*!40000 ALTER TABLE `students_fees` ENABLE KEYS */;
UNLOCK TABLES;
/*!40103 SET TIME_ZONE=@OLD_TIME_ZONE */;

/*!40101 SET SQL_MODE=@OLD_SQL_MODE */;
/*!40014 SET FOREIGN_KEY_CHECKS=@OLD_FOREIGN_KEY_CHECKS */;
/*!40014 SET UNIQUE_CHECKS=@OLD_UNIQUE_CHECKS */;
/*!40101 SET CHARACTER_SET_CLIENT=@OLD_CHARACTER_SET_CLIENT */;
/*!40101 SET CHARACTER_SET_RESULTS=@OLD_CHARACTER_SET_RESULTS */;
/*!40101 SET COLLATION_CONNECTION=@OLD_COLLATION_CONNECTION */;
/*!40111 SET SQL_NOTES=@OLD_SQL_NOTES */;

-- Dump completed on 2017-09-01 10:47:39
